-- MySQL dump 10.13  Distrib 8.0.23, for Win64 (x86_64)
--
-- Host: localhost    Database: bookstore
-- ------------------------------------------------------
-- Server version	8.0.23

/*!40101 SET @OLD_CHARACTER_SET_CLIENT=@@CHARACTER_SET_CLIENT */;
/*!40101 SET @OLD_CHARACTER_SET_RESULTS=@@CHARACTER_SET_RESULTS */;
/*!40101 SET @OLD_COLLATION_CONNECTION=@@COLLATION_CONNECTION */;
/*!50503 SET NAMES utf8 */;
/*!40103 SET @OLD_TIME_ZONE=@@TIME_ZONE */;
/*!40103 SET TIME_ZONE='+00:00' */;
/*!40014 SET @OLD_UNIQUE_CHECKS=@@UNIQUE_CHECKS, UNIQUE_CHECKS=0 */;
/*!40014 SET @OLD_FOREIGN_KEY_CHECKS=@@FOREIGN_KEY_CHECKS, FOREIGN_KEY_CHECKS=0 */;
/*!40101 SET @OLD_SQL_MODE=@@SQL_MODE, SQL_MODE='NO_AUTO_VALUE_ON_ZERO' */;
/*!40111 SET @OLD_SQL_NOTES=@@SQL_NOTES, SQL_NOTES=0 */;

--
-- Table structure for table `admin`
--

DROP TABLE IF EXISTS `admin`;
/*!40101 SET @saved_cs_client     = @@character_set_client */;
/*!50503 SET character_set_client = utf8mb4 */;
CREATE TABLE `admin` (
  `id` int NOT NULL AUTO_INCREMENT,
  `name` varchar(30) NOT NULL,
  `password` varchar(32) NOT NULL,
  `telephone` varchar(13) NOT NULL,
  PRIMARY KEY (`id`),
  UNIQUE KEY `name_UNIQUE` (`name`)
) ENGINE=InnoDB AUTO_INCREMENT=3 DEFAULT CHARSET=utf8mb4 COLLATE=utf8mb4_0900_ai_ci;
/*!40101 SET character_set_client = @saved_cs_client */;

--
-- Dumping data for table `admin`
--

LOCK TABLES `admin` WRITE;
/*!40000 ALTER TABLE `admin` DISABLE KEYS */;
INSERT INTO `admin` VALUES (1,'RushMMC','12345','15655726026'),(2,'Tom','123','18726560541');
/*!40000 ALTER TABLE `admin` ENABLE KEYS */;
UNLOCK TABLES;

--
-- Table structure for table `book`
--

DROP TABLE IF EXISTS `book`;
/*!40101 SET @saved_cs_client     = @@character_set_client */;
/*!50503 SET character_set_client = utf8mb4 */;
CREATE TABLE `book` (
  `id` int NOT NULL AUTO_INCREMENT,
  `title` varchar(80) NOT NULL,
  `author` varchar(50) NOT NULL,
  `isbn` varchar(30) NOT NULL,
  `price` decimal(5,2) NOT NULL,
  `type` int NOT NULL,
  `quantity` int DEFAULT '0',
  `isSell` tinyint DEFAULT '1' COMMENT '是否正在出售\n1：正在出售\n0：已下架',
  `imgPath` varchar(80) DEFAULT NULL,
  `createDate` datetime NOT NULL DEFAULT CURRENT_TIMESTAMP,
  `updateDate` datetime DEFAULT CURRENT_TIMESTAMP,
  PRIMARY KEY (`id`),
  KEY `fk_book_type_idx` (`type`),
  CONSTRAINT `fk_book_type` FOREIGN KEY (`type`) REFERENCES `type` (`id`)
) ENGINE=InnoDB AUTO_INCREMENT=908 DEFAULT CHARSET=utf8mb4 COLLATE=utf8mb4_0900_ai_ci;
/*!40101 SET character_set_client = @saved_cs_client */;

--
-- Dumping data for table `book`
--

LOCK TABLES `book` WRITE;
/*!40000 ALTER TABLE `book` DISABLE KEYS */;
INSERT INTO `book` VALUES (1,'小学生必背古诗词75+80首（朗读临摹版）','本书编委会','4276573840280',39.00,11,155,1,'images/category11/pic1.jpg','2021-06-11 20:12:15','2021-06-11 20:12:15'),(2,'大师的足迹：从泰勒斯到桑格（公元前624—公元2013年)','陈志谦、陈乐濛','8616712264431',128.00,20,91,1,'images/category20/pic1.jpg','2021-06-11 20:12:15','2021-06-11 20:12:15'),(3,'拯救垃圾星球','赵宏宇、陈尉','3073777246855',29.80,8,92,1,'images/category8/pic1.jpg','2021-06-11 20:12:15','2021-06-11 20:12:15'),(4,'垃圾游乐园','赵宏宇、陈尉','5643435525247',29.80,18,33,1,'images/category18/pic1.jpg','2021-06-11 20:12:15','2021-06-11 20:12:15'),(5,'小战垃圾大王','赵宏宇、陈尉','7608041288637',29.80,8,22,0,'images/category8/pic2.jpg','2021-06-11 20:12:15','2021-06-14 00:00:00'),(6,'亲子体能训练100例','李伟、代杰','8632880245357',22.00,16,129,1,'images/category16/pic1.jpg','2021-06-11 20:12:15','2021-06-11 20:12:15'),(7,'青少年无人机——穿越机基础','北京小飞手教育科技','8158747605582',49.00,1,129,1,'images/category1/pic1.jpg','2021-06-11 20:12:15','2021-06-11 20:12:15'),(8,'青少年无人机——DIY创客飞行器','北京小飞手教育科技','0110555784080',49.00,12,59,1,'images/category12/pic1.jpg','2021-06-11 20:12:15','2021-06-11 20:12:15'),(9,'跟科学家学聪明思维','赵泽宗、刘春华','8063200051761',52.00,12,81,1,'images/category12/pic2.jpg','2021-06-11 20:12:15','2021-06-11 20:12:15'),(10,'新冠肺炎防控期间营养膳食指导（漫画版）','中国营养学会宣传部','5072643662170',29.90,5,60,0,'images/category18/pic2.jpg','2021-06-11 20:12:15','2021-06-14 00:00:00'),(11,'（套装）小毛毛奇幻历险记·无字图画书','（比）赛琳娜·弗莱','0245840877530',200.00,14,137,1,'images/category14/pic1.jpg','2021-06-11 20:12:15','2021-06-11 20:12:15'),(12,'儿童无人机启蒙','北京小飞手教育科技','0038403782111',39.00,21,175,1,'images/category21/pic1.jpg','2021-06-11 20:12:15','2021-06-11 20:12:15'),(13,'爱美丽的尾巴','【英】丽兹·凯斯勒','5581546605042',39.60,3,135,1,'images/category3/pic1.jpg','2021-06-11 20:12:15','2021-06-11 20:12:15'),(14,'爱美丽和赛伦的秘密','【英】丽兹·凯斯勒','4426674874771',39.80,15,171,1,'images/category15/pic1.jpg','2021-06-11 20:12:15','2021-06-11 20:12:15'),(15,'爱美丽和深海怪兽','【英】丽兹·凯斯勒','6174176707177',38.50,19,196,1,'images/category19/pic1.jpg','2021-06-11 20:12:15','2021-06-11 20:12:15'),(16,'爱美丽和雾中城堡','【英】丽兹·凯斯勒','1036440244127',36.80,12,192,1,'images/category12/pic3.jpg','2021-06-11 20:12:15','2021-06-11 20:12:15'),(17,'自然捕手：西蒙·金的野外追踪笔记','[英]西蒙·金 著 黄','3773888848725',88.00,11,60,1,'images/category11/pic2.jpg','2021-06-11 20:12:15','2021-06-11 20:12:15'),(18,'给孩子看的Scratch编程起点书','VIPCODE教研团队','6168763115784',69.00,14,43,1,'images/category14/pic2.jpg','2021-06-11 20:12:15','2021-06-11 20:12:15'),(19,'无言的呼唤：动物的感知、思考和表达','[美]卡尔·沙芬纳（C','1124836828052',80.00,14,139,1,'images/category14/pic3.jpg','2021-06-11 20:12:15','2021-06-11 20:12:15'),(20,'漫画学物理','爱学堂编委会','4751420058356',198.00,16,145,1,'images/category16/pic2.jpg','2021-06-11 20:12:15','2021-06-11 20:12:15'),(21,'1小时科普：怀孕280天','京虎子','2838645367436',45.00,5,163,1,'images/category5/pic1.jpg','2021-06-11 20:12:15','2021-06-11 20:12:15'),(22,'(套装)小小博物旅行家--自然年（12册）','','0225835025227',198.00,13,144,1,'images/category13/pic1.jpg','2021-06-11 20:12:15','2021-06-11 20:12:15'),(23,'魔法觉醒','【美】德博拉·哈克','2685805562256',88.00,16,122,1,'images/category16/pic3.jpg','2021-06-11 20:12:15','2021-06-11 20:12:15'),(24,'黑夜魅影','【美】黛博拉·哈克','7663561465742',88.00,10,193,1,'images/category10/pic1.jpg','2021-06-11 20:12:15','2021-06-11 20:12:15'),(25,'生命之书','【美】德博拉·哈克','7612862016580',88.00,16,136,1,'images/category16/pic4.jpg','2021-06-11 20:12:15','2021-06-11 20:12:15'),(26,'仙人岛','陈惠冠 绘 霍','0527252726631',30.00,17,106,1,'images/category17/pic1.jpg','2021-06-11 20:12:15','2021-06-11 20:12:15'),(27,'夸父追日','陈惠冠 绘 吴','2407273684178',28.00,2,127,1,'images/category2/pic1.jpg','2021-06-11 20:12:15','2021-06-11 20:12:15'),(28,'后羿射日','陈惠冠 绘 吴','5713138435578',28.00,18,128,1,'images/category18/pic3.jpg','2021-06-11 20:12:15','2021-06-11 20:12:15'),(29,'DK儿童STEM创新思维培养 图解计算机科学','[英]英国DK公司 编','5326682162120',128.00,2,123,1,'images/category2/pic2.jpg','2021-06-11 20:12:15','2021-06-11 20:12:15'),(30,'植物工厂','杨其长','7116406242700',86.00,15,137,1,'images/category15/pic2.jpg','2021-06-11 20:12:15','2021-06-11 20:12:15'),(31,'宇宙奥德赛：穿越银河系','王爽','0428224781033',59.00,21,40,1,'images/category21/pic2.jpg','2021-06-11 20:12:15','2021-06-11 20:12:15'),(32,'和小猫一起学编程——超好玩的Scratch 3.0（微课版）','方其桂 主编、黎沙','0056806051335',69.80,1,160,1,'images/category1/pic2.jpg','2021-06-11 20:12:15','2021-06-11 20:12:15'),(33,'儿童时间管理咨询手册：30天让孩子更自信','王宏','8244437101580',49.80,16,107,1,'images/category16/pic5.jpg','2021-06-11 20:12:15','2021-06-11 20:12:15'),(34,'黑洞和幸运星','姚建明','6110077365326',29.00,3,105,1,'images/category3/pic2.jpg','2021-06-11 20:12:15','2021-06-11 20:12:15'),(35,'科学是什么','张天蓉','2368453502218',49.00,21,25,1,'images/category21/pic3.jpg','2021-06-11 20:12:15','2021-06-11 20:12:15'),(36,'中国天眼科普：神秘的脉冲星','张承民','8416666414046',29.00,21,60,1,'images/category21/pic4.jpg','2021-06-11 20:12:15','2021-06-11 20:12:15'),(37,'（套装）识字关键期名著名译绘本·安徒生童话（共7册）','（丹）安徒生 著 （','4085113678054',154.00,19,51,1,'images/category19/pic2.jpg','2021-06-11 20:12:15','2021-06-11 20:12:15'),(38,'（套装）识字关键期名著名译绘本·伊索寓言（共6册）','(英)瓦尔·比罗 编绘','0672544333558',156.00,16,118,1,'images/category16/pic6.jpg','2021-06-11 20:12:15','2021-06-11 20:12:15'),(39,'（套装）识字关键期名著名译绘本·一千零一夜（共4册）','(英)瓦尔·比罗 编绘','3300383320347',104.00,8,171,1,'images/category8/pic3.jpg','2021-06-11 20:12:15','2021-06-11 20:12:15'),(40,'（套装）识字关键期名著名译绘本·格林童话（共4册）','（德）格林兄弟 著','5500370480505',104.00,21,155,1,'images/category21/pic5.jpg','2021-06-11 20:12:15','2021-06-11 20:12:15'),(41,'（套装）识字关键期名著名译绘本·鹅妈妈童谣（共4册）','(英)瓦尔·比罗 编绘','7346843310461',104.00,15,97,1,'images/category15/pic3.jpg','2021-06-11 20:12:15','2021-06-11 20:12:15'),(42,'儿童剪纸技法启蒙教材——折剪法技艺及应用','辛爱英 陈伟 辛鑫','1617113323170',49.00,9,193,1,'images/category9/pic1.jpg','2021-06-11 20:12:15','2021-06-11 20:12:15'),(43,'国学启蒙','孔子学院总部五洲汉','7841237213370',90.00,15,150,1,'images/category15/pic4.jpg','2021-06-11 20:12:15','2021-06-11 20:12:15'),(44,'(套装）不头疼的故事作文课','','0121376007742',99.60,15,165,1,'images/category15/pic5.jpg','2021-06-11 20:12:15','2021-06-11 20:12:15'),(45,'中老年人轻松玩转智能手机：智能家电与智慧生活篇','黄华','1368315202270',45.00,21,65,1,'images/category21/pic6.jpg','2021-06-11 20:12:15','2021-06-11 20:12:15'),(46,'恒星奥秘','张邦固 张邦宁 著','1164368520150',45.00,19,88,1,'images/category19/pic3.jpg','2021-06-11 20:12:15','2021-06-11 20:12:15'),(47,'时间之问','汪波','8248307772575',79.00,10,119,1,'images/category10/pic2.jpg','2021-06-11 20:12:15','2021-06-11 20:12:15'),(48,'芥子须弥：大科学家的小故事','超模君','3353717351751',59.00,14,140,1,'images/category14/pic4.jpg','2021-06-11 20:12:15','2021-06-11 20:12:15'),(49,'繁忙的交通工具','冰河 编著','0548484681330',29.80,6,77,1,'images/category6/pic1.jpg','2021-06-11 20:12:15','2021-06-11 20:12:15'),(50,'神奇的地球','冰河 编著','4661715782726',29.80,5,137,1,'images/category5/pic2.jpg','2021-06-11 20:12:15','2021-06-11 20:12:15'),(51,'城市的秘密','冰河 编著','8451676378251',29.80,11,10,1,'images/category11/pic3.jpg','2021-06-11 20:12:15','2021-06-11 20:12:15'),(52,'好玩的机械','冰河 编著','2211308227187',29.80,7,189,1,'images/category7/pic1.jpg','2021-06-11 20:12:15','2021-06-11 20:12:15'),(53,'迷人的植物','冰河 编著','2538451684632',29.80,9,112,1,'images/category9/pic2.jpg','2021-06-11 20:12:15','2021-06-11 20:12:15'),(54,'科学思维训练游戏','张祥斌','0687480510627',49.80,2,39,1,'images/category2/pic3.jpg','2021-06-11 20:12:15','2021-06-11 20:12:15'),(55,'我要青春做什么   乞力马扎罗之巅','(加)艾瑞克？沃尔特','6201011434855',39.80,2,81,1,'images/category2/pic4.jpg','2021-06-11 20:12:15','2021-06-11 20:12:15'),(56,'我要青春做什么    北极向西','（加）西格蒙德？布','6706022787606',39.80,13,164,1,'images/category13/pic2.jpg','2021-06-11 20:12:15','2021-06-11 20:12:15'),(57,'我要青春做什么   重返十七岁','（加）约翰·威尔逊','2758060243873',39.80,4,93,1,'images/category4/pic1.jpg','2021-06-11 20:12:15','2021-06-11 20:12:15'),(58,'我要青春做什么    因为梵高','（加）谢恩？皮科克','2615604527868',39.80,15,179,1,'images/category15/pic6.jpg','2021-06-11 20:12:15','2021-06-11 20:12:15'),(59,'运动型食谱The Feed Zone Cookbook','[美]毕朱·托马斯','2288423131168',59.00,12,145,1,'images/category12/pic4.jpg','2021-06-11 20:12:15','2021-06-11 20:12:15'),(60,'三国演义','冯健男、刘泽岱 等','6484668510040',79.00,15,163,1,'images/category15/pic7.jpg','2021-06-11 20:12:15','2021-06-11 20:12:15'),(61,'一年级的小侦探：不翼而飞的糖果','[法] 贝阿提斯·尼克','4764261836316',25.00,9,204,1,'images/category9/pic3.jpg','2021-06-11 20:12:15','2021-06-11 20:12:15'),(62,'一年级的小侦探：不可思议的魔术','[法]贝阿提斯·尼克','6378028825844',25.00,8,164,1,'images/category8/pic4.jpg','2021-06-11 20:12:15','2021-06-11 20:12:15'),(63,'一年级的小侦探：博物馆大盗','[法]贝阿提斯·尼克','3741352412828',25.00,1,172,1,'images/category1/pic3.jpg','2021-06-11 20:12:15','2021-06-11 20:12:15'),(64,'一年级的小侦探：自大的塔拉拉先生','[法]贝阿提斯·尼克','7426335563472',25.00,7,18,1,'images/category7/pic2.jpg','2021-06-11 20:12:15','2021-06-11 20:12:15'),(65,'（套装）我要青春做什么（套装共四册）','（加）约翰·威尔逊','3235455623501',159.20,9,198,1,'images/category9/pic4.jpg','2021-06-11 20:12:15','2021-06-11 20:12:15'),(66,'科技馆奇遇记：辽宁省科学技术馆展厅科普绘本','辽宁省科学技术馆','3345611844604',99.00,7,30,1,'images/category7/pic3.jpg','2021-06-11 20:12:15','2021-06-11 20:12:15'),(67,'泡利的错误：科学殿堂的花和草','卢昌海','2656103620475',45.00,17,169,1,'images/category17/pic2.jpg','2021-06-11 20:12:15','2021-06-11 20:12:15'),(68,'能唱能玩的英文启蒙绘本 第三级','新东方多纳英文教学','0520400620667',198.00,3,144,1,'images/category3/pic3.jpg','2021-06-11 20:12:15','2021-06-11 20:12:15'),(69,'科学日历2019——科学史上的今天','科学π工作室 编著','0142155247764',99.00,16,35,1,'images/category16/pic7.jpg','2021-06-11 20:12:15','2021-06-11 20:12:15'),(70,'人文素养特色系列丛书．小班：识别好与坏：全2册','何庆','8207807251166',85.00,2,159,1,'images/category2/pic5.jpg','2021-06-11 20:12:15','2021-06-11 20:12:15'),(71,'人文素养特色系列丛书．中班：识别对与错：全2册','何庆','3512852320857',90.00,20,134,1,'images/category20/pic2.jpg','2021-06-11 20:12:15','2021-06-11 20:12:15'),(72,'人文素养特色系列丛书．大班：识别是与非：全2册','何庆','8731082718312',95.00,21,120,1,'images/category21/pic7.jpg','2021-06-11 20:12:15','2021-06-11 20:12:15'),(73,'泼水节','刘巨德','6725816247655',15.00,5,35,1,'images/category5/pic3.jpg','2021-06-11 20:12:15','2021-06-11 20:12:15'),(74,'凤凰鸟','刘巨德','5133621655836',13.00,15,173,1,'images/category15/pic8.jpg','2021-06-11 20:12:15','2021-06-11 20:12:15'),(75,'七夕的故事','刘巨德','2788523208483',15.00,14,102,1,'images/category14/pic5.jpg','2021-06-11 20:12:15','2021-06-11 20:12:15'),(76,'孙思邈救龙','刘巨德','7485858055270',13.00,19,68,1,'images/category19/pic4.jpg','2021-06-11 20:12:15','2021-06-11 20:12:15'),(77,'稀奇古怪的动物学校洞洞书：昆虫','浩菲著，梦幻岛绘','2778361212684',29.80,2,33,1,'images/category2/pic6.jpg','2021-06-11 20:12:15','2021-06-11 20:12:15'),(78,'稀奇古怪的动物学校洞洞书：水陆两栖的动物','浩菲著，梦幻岛绘','1461380352478',29.80,20,169,1,'images/category20/pic3.jpg','2021-06-11 20:12:15','2021-06-11 20:12:15'),(79,'稀奇古怪的动物学校洞洞书：农场里的动物','浩菲著，梦幻岛绘','3168107100358',29.80,5,83,1,'images/category5/pic4.jpg','2021-06-11 20:12:15','2021-06-11 20:12:15'),(80,'稀奇古怪的动物学校洞洞书：陆地上的动物','浩菲著，梦幻岛绘','7845886283540',29.80,19,62,1,'images/category19/pic5.jpg','2021-06-11 20:12:15','2021-06-11 20:12:15'),(81,'稀奇古怪的动物学校洞洞书：鸟儿','浩菲著，梦幻岛绘','5482060205331',29.80,13,113,1,'images/category13/pic3.jpg','2021-06-11 20:12:15','2021-06-11 20:12:15'),(82,'稀奇古怪的动物学校洞洞书：水里的动物','浩菲著，梦幻岛绘','5370032534365',29.80,9,150,1,'images/category9/pic5.jpg','2021-06-11 20:12:15','2021-06-11 20:12:15'),(83,'单兵野外生存技巧','《深度军事》编委会','1084753761767',59.80,2,116,1,'images/category2/pic7.jpg','2021-06-11 20:12:15','2021-06-11 20:12:15'),(84,'儿童戏剧表演 一级教程 少儿（7~11岁）','六·一艺术团','0005073155512',29.80,20,25,1,'images/category20/pic4.jpg','2021-06-11 20:12:15','2021-06-11 20:12:15'),(85,'鲁班学艺','杜大恺','0660242133464',28.00,15,163,1,'images/category15/pic9.jpg','2021-06-11 20:12:15','2021-06-11 20:12:15'),(86,'花木兰','杜大恺','6254271624656',28.00,15,153,1,'images/category15/pic10.jpg','2021-06-11 20:12:15','2021-06-11 20:12:15'),(87,'崂山道士','杜大恺','2708588008518',32.00,17,191,1,'images/category17/pic3.jpg','2021-06-11 20:12:15','2021-06-11 20:12:15'),(88,'莫依的早晨','[挪威]恩德仁？L .','2515388351850',40.00,5,52,1,'images/category5/pic5.jpg','2021-06-11 20:12:15','2021-06-11 20:12:15'),(89,'莫依的晚上','[挪威]恩德仁？L .','7242637831427',40.00,1,148,1,'images/category1/pic4.jpg','2021-06-11 20:12:15','2021-06-11 20:12:15'),(90,'莫依玩捉迷藏','[挪威]恩德仁？L .','4344810383187',40.00,17,114,1,'images/category17/pic4.jpg','2021-06-11 20:12:15','2021-06-11 20:12:15'),(91,'莫依的春天','[挪威]恩德仁？L .','6681167003336',40.00,15,112,1,'images/category15/pic11.jpg','2021-06-11 20:12:15','2021-06-11 20:12:15'),(92,'莫依和怪物','[挪威]恩德仁· L .','3706087265507',40.00,16,110,1,'images/category16/pic8.jpg','2021-06-11 20:12:15','2021-06-11 20:12:15'),(93,'盘古和女娲','杜大恺','7282844108825',28.00,4,172,1,'images/category4/pic2.jpg','2021-06-11 20:12:15','2021-06-11 20:12:15'),(94,'气象如魔幻','刘佳辉','3510202727731',39.80,11,202,1,'images/category11/pic4.jpg','2021-06-11 20:12:15','2021-06-11 20:12:15'),(95,'地球真奇妙','刘佳辉','3771747865156',39.80,18,31,1,'images/category18/pic4.jpg','2021-06-11 20:12:15','2021-06-11 20:12:15'),(96,'海洋大揭秘','刘佳辉','6026384675026',39.80,13,154,1,'images/category13/pic4.jpg','2021-06-11 20:12:15','2021-06-11 20:12:15'),(97,'共工触山','奚阿兴','1638545600270',15.00,4,98,1,'images/category4/pic3.jpg','2021-06-11 20:12:15','2021-06-11 20:12:15'),(98,'盘古开天','奚阿兴','6811713772774',15.00,21,11,1,'images/category21/pic8.jpg','2021-06-11 20:12:15','2021-06-11 20:12:15'),(99,'宝船','奚阿兴','0854816700667',18.00,7,166,1,'images/category7/pic4.jpg','2021-06-11 20:12:15','2021-06-11 20:12:15'),(100,'大禹治水','奚阿兴','4058445025384',28.00,11,53,1,'images/category11/pic5.jpg','2021-06-11 20:12:15','2021-06-11 20:12:15'),(101,'花园之书','[波]艾娃·科瓦钦斯','6288340240545',79.80,18,194,1,'images/category18/pic5.jpg','2021-06-11 20:12:15','2021-06-11 20:12:15'),(102,'微生物总动员','刘佳辉','8018033244734',39.80,2,58,1,'images/category2/pic8.jpg','2021-06-11 20:12:15','2021-06-11 20:12:15'),(103,'人体漫游记','刘佳辉','0828701086081',39.80,18,88,1,'images/category18/pic6.jpg','2021-06-11 20:12:15','2021-06-11 20:12:15'),(104,'科学大探索','刘佳辉','2015132844387',39.80,5,67,1,'images/category5/pic6.jpg','2021-06-11 20:12:15','2021-06-11 20:12:15'),(105,'儿童阅读的灯，我们一起点亮','陈莉','4211774481106',49.80,8,63,1,'images/category8/pic5.jpg','2021-06-11 20:12:15','2021-06-11 20:12:15'),(106,'(套装)稀奇古怪的动物学校洞洞书（共6册）','浩菲著，梦幻岛绘','7047757857065',178.80,21,152,1,'images/category21/pic9.jpg','2021-06-11 20:12:15','2021-06-11 20:12:15'),(107,'科学史上的365天','魏凤文 武轶 著','5187860202811',288.00,14,75,1,'images/category14/pic6.jpg','2021-06-11 20:12:15','2021-06-11 20:12:15'),(108,'会说话的植物','刘佳辉','5045754534442',39.80,10,148,1,'images/category10/pic3.jpg','2021-06-11 20:12:15','2021-06-11 20:12:15'),(109,'别让脑子打结：137道创意活脑操','许建铭','4376587581844',39.00,21,136,1,'images/category21/pic10.jpg','2021-06-11 20:12:15','2021-06-11 20:12:15'),(110,'兄妹姐弟','【美】海云','3542403283623',29.00,15,132,1,'images/category15/pic12.jpg','2021-06-11 20:12:15','2021-06-11 20:12:15'),(111,'天使的翅膀','【美】海伦','3478151635250',32.00,12,54,1,'images/category12/pic5.jpg','2021-06-11 20:12:15','2021-06-11 20:12:15'),(112,'变成玩具的日子','陆杨','6238240320727',29.00,3,156,1,'images/category3/pic4.jpg','2021-06-11 20:12:15','2021-06-11 20:12:15'),(113,'最美宇宙全纪录','刘佳辉','6326651630555',39.80,7,70,1,'images/category7/pic5.jpg','2021-06-11 20:12:15','2021-06-11 20:12:15'),(114,'探秘机器人王国','蔡自兴、翁环','7788253833858',58.00,9,122,1,'images/category9/pic6.jpg','2021-06-11 20:12:15','2021-06-11 20:12:15'),(115,'探寻动物王国','刘佳辉','1638645202548',39.80,14,51,1,'images/category14/pic7.jpg','2021-06-11 20:12:15','2021-06-11 20:12:15'),(116,'虫虫的百变生活','刘佳辉','8375243757045',39.80,12,150,1,'images/category12/pic6.jpg','2021-06-11 20:12:15','2021-06-11 20:12:15'),(117,'量子世界巡游记：来自宇宙的洪荒之力','跃钢','3354530301641',45.00,7,84,1,'images/category7/pic6.jpg','2021-06-11 20:12:15','2021-06-11 20:12:15'),(118,'图形思维训练游戏','张祥斌','5303450172405',39.00,4,198,1,'images/category4/pic4.jpg','2021-06-11 20:12:15','2021-06-11 20:12:15'),(119,'慧玩科学——让学生着迷的200个科学游戏','马立涛','7823322330286',25.00,8,142,1,'images/category8/pic6.jpg','2021-06-11 20:12:15','2021-06-11 20:12:15'),(120,'一千零一夜','(英)瓦尔·比罗 编绘','4136016731253',128.00,8,17,1,'images/category8/pic7.jpg','2021-06-11 20:12:15','2021-06-11 20:12:15'),(121,'伊索寓言','(英)瓦尔·比罗 编绘','5857763238724',128.00,13,118,1,'images/category13/pic5.jpg','2021-06-11 20:12:15','2021-06-11 20:12:15'),(122,'格林童话','（德）格林兄弟 著','3685856060444',128.00,3,201,1,'images/category3/pic5.jpg','2021-06-11 20:12:15','2021-06-11 20:12:15'),(123,'安徒生童话','（丹）安徒生 著 （','3271653855645',128.00,18,11,1,'images/category18/pic7.jpg','2021-06-11 20:12:15','2021-06-11 20:12:15'),(124,'(套装)世界名著名译有声绘本版（精装共５册)','（丹）安徒生 著 （','0682178274870',640.00,9,59,1,'images/category9/pic7.jpg','2021-06-11 20:12:15','2021-06-11 20:12:15'),(125,'鹅妈妈童谣','(英)瓦尔·比罗 编绘','1871004656618',128.00,7,138,1,'images/category7/pic7.jpg','2021-06-11 20:12:16','2021-06-11 20:12:16'),(126,'(套装)法国绚丽科普系列绘本（共四册）','【法】伊莎贝拉·席','7742634578758',288.00,21,107,1,'images/category21/pic11.jpg','2021-06-11 20:12:16','2021-06-11 20:12:16'),(127,'清华教授的小课堂  魔方真好玩','雍俊海','8636131631482',52.80,15,187,1,'images/category15/pic13.jpg','2021-06-11 20:12:16','2021-06-11 20:12:16'),(128,'楼兰古国大冒险（1）楼兰王子','彭绪洛','2685773878555',25.00,4,96,1,'images/category4/pic5.jpg','2021-06-11 20:12:16','2021-06-11 20:12:16'),(129,'楼兰古国大冒险（2）谍影重重','彭绪洛','4871828864185',25.00,8,185,1,'images/category8/pic8.jpg','2021-06-11 20:12:16','2021-06-11 20:12:16'),(130,'楼兰古国大冒险（3）危在旦夕','彭绪洛','4267701143712',25.00,6,158,1,'images/category6/pic2.jpg','2021-06-11 20:12:16','2021-06-11 20:12:16'),(131,'楼兰古国大冒险（4）逆转乾坤','彭绪洛','2576081445182',25.00,2,127,1,'images/category2/pic9.jpg','2021-06-11 20:12:16','2021-06-11 20:12:16'),(132,'郑和西洋大冒险（1）神秘船','彭绪洛','7553788072464',25.00,4,187,1,'images/category4/pic6.jpg','2021-06-11 20:12:16','2021-06-11 20:12:16'),(133,'郑和西洋大冒险（2）海盗旗','彭绪洛','6888825507815',25.00,15,198,1,'images/category15/pic14.jpg','2021-06-11 20:12:16','2021-06-11 20:12:16'),(134,'郑和西洋大冒险（3）假国师','彭绪洛','4418425081757',25.00,3,137,1,'images/category3/pic6.jpg','2021-06-11 20:12:16','2021-06-11 20:12:16'),(135,'钱可以这样用——我的银行账户怎么多了一笔钱？','（美）南希？罗文','2457865175122',25.00,4,91,1,'images/category4/pic7.jpg','2021-06-11 20:12:16','2021-06-11 20:12:16'),(136,'钱可以这样用——我要付钱，现金？刷卡？支票？','（美）南希？罗文','4061320627475',25.00,2,18,1,'images/category2/pic10.jpg','2021-06-11 20:12:16','2021-06-11 20:12:16'),(137,'钱可以这样用——多种多样的税收，钱去哪儿了？','（美）南希？罗文','2460735470823',25.00,9,37,1,'images/category9/pic8.jpg','2021-06-11 20:12:16','2021-06-11 20:12:16'),(138,'钱可以这样用——我的股票为什么总是涨涨跌跌？','（美）南希？罗文','4120085422715',25.00,6,58,1,'images/category6/pic3.jpg','2021-06-11 20:12:16','2021-06-11 20:12:16'),(139,'钱可以这样用——我的第一次创业：柠檬水之战！','（美）南希·罗文','0754516017680',25.00,7,188,1,'images/category7/pic8.jpg','2021-06-11 20:12:16','2021-06-11 20:12:16'),(140,'钱可以这样用——如果没有钱，物物交换也不错！','（美）南希·罗文','2048245850621',25.00,1,78,1,'images/category1/pic5.jpg','2021-06-11 20:12:16','2021-06-11 20:12:16'),(141,'钱可以这样用——存起来，花掉，还是捐出去呢？','（美）南希·罗文','0745665482126',25.00,17,125,1,'images/category17/pic5.jpg','2021-06-11 20:12:16','2021-06-11 20:12:16'),(142,'钱可以这样用——从山羊到电子货币，钱真奇妙！','（美）南希·罗文','3661570528682',25.00,15,74,1,'images/category15/pic15.jpg','2021-06-11 20:12:16','2021-06-11 20:12:16'),(143,'中国传统文化绘本：送子娘娘','林欣 编绘，王小静译','6111150733681',16.80,9,138,1,'images/category9/pic9.jpg','2021-06-11 20:12:16','2021-06-11 20:12:16'),(144,'中国传统文化绘本：门神钟馗','林欣 编绘，李宗蓥译','6112866422542',16.80,1,112,1,'images/category1/pic6.jpg','2021-06-11 20:12:16','2021-06-11 20:12:16'),(145,'中国传统文化绘本：哪吒闹海','林欣 编绘，王小静译','2642378066626',16.80,20,30,1,'images/category20/pic5.jpg','2021-06-11 20:12:16','2021-06-11 20:12:16'),(146,'中国传统文化绘本：飞来峰','林欣 编绘，王小静译','1782755025310',16.80,18,157,1,'images/category18/pic8.jpg','2021-06-11 20:12:16','2021-06-11 20:12:16'),(147,'中国传统文化绘本：灶王爷','林欣 编绘，李宗蓥译','2811505546163',16.80,19,182,1,'images/category19/pic6.jpg','2021-06-11 20:12:16','2021-06-11 20:12:16'),(148,'中国传统文化绘本：年除夕','林欣 编绘，李宗蓥译','7217854672324',16.80,9,69,1,'images/category9/pic10.jpg','2021-06-11 20:12:16','2021-06-11 20:12:16'),(149,'一片叶子的旅行','小七','3404611106143',38.00,9,51,1,'images/category9/pic11.jpg','2021-06-11 20:12:16','2021-06-11 20:12:16'),(150,'歪歪探长：不速之客','钟锐','4862445642285',20.00,21,63,1,'images/category21/pic12.jpg','2021-06-11 20:12:16','2021-06-11 20:12:16'),(151,'歪歪探长：诡异事件','钟锐','5500374152181',20.00,21,12,1,'images/category21/pic13.jpg','2021-06-11 20:12:16','2021-06-11 20:12:16'),(152,'歪歪探长：离奇越狱','钟锐','8236342733177',20.00,14,187,1,'images/category14/pic8.jpg','2021-06-11 20:12:16','2021-06-11 20:12:16'),(153,'歪歪探长：魔术疑案','钟锐','6824753674235',20.00,16,17,1,'images/category16/pic9.jpg','2021-06-11 20:12:16','2021-06-11 20:12:16'),(154,'（套装）楼兰古国大冒险（套装共4册）','彭绪洛','2650821217023',100.00,5,15,1,'images/category5/pic7.jpg','2021-06-11 20:12:16','2021-06-11 20:12:16'),(155,'（套装）郑和西洋大冒险（套装共4册）','彭绪洛','2843103638432',100.00,21,42,1,'images/category21/pic14.jpg','2021-06-11 20:12:16','2021-06-11 20:12:16'),(156,'做游戏，提升宝宝记忆力','3Q童书馆','0674251110552',78.00,2,161,1,'images/category2/pic11.jpg','2021-06-11 20:12:16','2021-06-11 20:12:16'),(157,'做游戏，提升宝宝表达力','3Q童书馆','8053624456685',78.00,3,53,1,'images/category3/pic7.jpg','2021-06-11 20:12:16','2021-06-11 20:12:16'),(158,'做游戏，提升宝宝观察力','3Q童书馆','2850351305655',78.00,16,175,1,'images/category16/pic10.jpg','2021-06-11 20:12:16','2021-06-11 20:12:16'),(159,'做游戏，提升宝宝逻辑力','3Q童书馆','8801011600816',78.00,6,119,1,'images/category6/pic4.jpg','2021-06-11 20:12:16','2021-06-11 20:12:16'),(160,'做游戏，提升宝宝想象力','3Q童书馆','8723023004160',78.00,12,194,1,'images/category12/pic7.jpg','2021-06-11 20:12:16','2021-06-11 20:12:16'),(161,'做游戏，提升宝宝认知力','3Q童书馆','0204155876107',78.00,18,66,1,'images/category18/pic9.jpg','2021-06-11 20:12:16','2021-06-11 20:12:16'),(162,'做游戏，提升宝宝判断力','3Q童书馆','2854465135626',78.00,3,145,1,'images/category3/pic8.jpg','2021-06-11 20:12:16','2021-06-11 20:12:16'),(163,'做游戏，提升宝宝创造力','3Q童书馆','1446411810874',78.00,19,36,1,'images/category19/pic7.jpg','2021-06-11 20:12:16','2021-06-11 20:12:16'),(164,'做游戏，提升宝宝推理力','3Q童书馆','6410813137264',78.00,9,186,1,'images/category9/pic12.jpg','2021-06-11 20:12:16','2021-06-11 20:12:16'),(165,'变成小鱼的日子','陆杨','4268681150531',38.90,14,56,1,'images/category14/pic9.jpg','2021-06-11 20:12:16','2021-06-11 20:12:16'),(166,'能唱能玩的英文启蒙绘本 第二级','新东方多纳英文教学','1286211405851',198.00,1,155,1,'images/category1/pic7.jpg','2021-06-11 20:12:16','2021-06-11 20:12:16'),(167,'（套装）日本大奖名家作品：幼年童话妙趣桥梁书（猫村+月亮的蛋+小象历险记+猫的守护星等）','【日】本多丰国 著','6381280673004',240.00,13,22,1,'images/category13/pic6.jpg','2021-06-11 20:12:16','2021-06-11 20:12:16'),(168,'（套装）中国传统文化绘本（套装共6册）','林欣 编绘，李宗蓥译','8136441424085',100.80,8,23,1,'images/category8/pic9.jpg','2021-06-11 20:12:16','2021-06-11 20:12:16'),(169,'科学历2018——科学史上的今天','科学π工作室 编著','3304868145453',99.00,5,197,1,'images/category5/pic8.jpg','2021-06-11 20:12:16','2021-06-11 20:12:16'),(170,'月亮的蛋','【日】小森香折 著','5458457126867',30.00,7,164,1,'images/category7/pic9.jpg','2021-06-11 20:12:16','2021-06-11 20:12:16'),(171,'忘记说声谢谢啦','【日】山下明生 著','4176504150073',30.00,9,129,1,'images/category9/pic13.jpg','2021-06-11 20:12:16','2021-06-11 20:12:16'),(172,'猫村','【日】本多丰国 著','3542417576637',30.00,3,104,1,'images/category3/pic9.jpg','2021-06-11 20:12:16','2021-06-11 20:12:16'),(173,'尾巴','【日】竹下文子 著','5452363752658',30.00,4,208,1,'images/category4/pic8.jpg','2021-06-11 20:12:16','2021-06-11 20:12:16'),(174,'小象历险记','【日】工藤直子 著','4662345733061',30.00,4,204,1,'images/category4/pic9.jpg','2021-06-11 20:12:16','2021-06-11 20:12:16'),(175,'青蛙秘密协定','【日】村上椎子 著','6517223821438',30.00,16,142,1,'images/category16/pic11.jpg','2021-06-11 20:12:16','2021-06-11 20:12:16'),(176,'（套装）钱可以这样用（套装共八册）','（美）南希·罗文','6444247836415',200.00,15,121,1,'images/category15/pic16.jpg','2021-06-11 20:12:16','2021-06-11 20:12:16'),(177,'朗文机灵狗自然拼读经典（小学生版）第4级','美国培生教育出版集团','0624184535784',88.00,14,192,1,'images/category14/pic10.jpg','2021-06-11 20:12:16','2021-06-11 20:12:16'),(178,'做游戏，提升宝宝专注力','3Q童书馆','2106356187781',78.00,12,175,1,'images/category12/pic8.jpg','2021-06-11 20:12:16','2021-06-11 20:12:16'),(179,'多纳成长故事','张玉婵、梁野、傅嘉','5130264083825',138.00,15,29,1,'images/category15/pic17.jpg','2021-06-11 20:12:16','2021-06-11 20:12:16'),(180,'希利尔讲艺术史','[美]维吉尔·莫里斯·','3124662378472',59.00,20,109,1,'images/category20/pic6.jpg','2021-06-11 20:12:16','2021-06-11 20:12:16'),(181,'朗文机灵狗自然拼读经典（小学生版）第3级','美国培生教育出版集团','7688300131873',88.00,13,177,1,'images/category13/pic7.jpg','2021-06-11 20:12:16','2021-06-11 20:12:16'),(182,'我的小小大自然图表','（法）佛罗伦斯·基','7228113410484',49.80,2,138,1,'images/category2/pic12.jpg','2021-06-11 20:12:16','2021-06-11 20:12:16'),(183,'九马画山','冯健男','0600637047374',12.80,15,179,1,'images/category15/pic18.jpg','2021-06-11 20:12:16','2021-06-11 20:12:16'),(184,'三颗宝珠','方骏','3531833215772',14.00,4,18,1,'images/category4/pic10.jpg','2021-06-11 20:12:16','2021-06-11 20:12:16'),(185,'杜甫济贫','方骏 徐累','1561534378258',14.00,7,70,1,'images/category7/pic10.jpg','2021-06-11 20:12:16','2021-06-11 20:12:16'),(186,'蹦豆的糗事','王金平','3264325200066',29.80,21,28,1,'images/category21/pic15.jpg','2021-06-11 20:12:16','2021-06-11 20:12:16'),(187,'聪明老妈笨老爸','王金平','5133828422355',29.80,21,205,1,'images/category21/pic16.jpg','2021-06-11 20:12:16','2021-06-11 20:12:16'),(188,'快乐小队','王金平','3088844778612',29.80,7,200,1,'images/category7/pic11.jpg','2021-06-11 20:12:16','2021-06-11 20:12:16'),(189,'来自外星球的哇塞老师','王金平','0547145247081',29.80,6,135,1,'images/category6/pic5.jpg','2021-06-11 20:12:16','2021-06-11 20:12:16'),(190,'神奇的夏令营','王金平','5603142330811',29.80,11,190,1,'images/category11/pic6.jpg','2021-06-11 20:12:16','2021-06-11 20:12:16'),(191,'能唱能玩的英文启蒙绘本 第一级','多纳英文研发组','7774058786450',198.00,4,83,1,'images/category4/pic11.jpg','2021-06-11 20:12:16','2021-06-11 20:12:16'),(192,'朗文机灵狗自然拼读经典（小学生版）第2级','美国培生教育出版集团','3258781455615',88.00,3,193,1,'images/category3/pic10.jpg','2021-06-11 20:12:16','2021-06-11 20:12:16'),(193,'网','【法】伊莎贝拉·席','8244805156582',72.00,5,181,1,'images/category5/pic9.jpg','2021-06-11 20:12:16','2021-06-11 20:12:16'),(194,'羽毛','【法】伊莎贝拉·席','5766033223064',72.00,9,115,1,'images/category9/pic14.jpg','2021-06-11 20:12:16','2021-06-11 20:12:16'),(195,'蓝色时间','【法】伊莎贝拉·席','7361224333574',72.00,10,21,1,'images/category10/pic4.jpg','2021-06-11 20:12:16','2021-06-11 20:12:16'),(196,'海浪','【法】伊莎贝拉·席','7681364414452',72.00,5,146,1,'images/category5/pic10.jpg','2021-06-11 20:12:16','2021-06-11 20:12:16'),(197,'运动的旋律与变化的世界','吴子牛','3011325755610',49.00,2,209,1,'images/category2/pic13.jpg','2021-06-11 20:12:16','2021-06-11 20:12:16'),(198,'（套装）礼品装传统文化绘本：八仙的传说系列(汉钟离的故事+铁拐李的故事+吕洞宾的故事+八仙过海等)','杨永青 绘 常立 文','5580513104451',360.00,14,56,1,'images/category14/pic11.jpg','2021-06-11 20:12:16','2021-06-11 20:12:16'),(199,'我要去旅行（中国版）：北京','萍子编著，梦幻岛绘','4875442315556',16.80,9,201,1,'images/category9/pic15.jpg','2021-06-11 20:12:16','2021-06-11 20:12:16'),(200,'我要去旅行（中国版）：上海','萍子编著，梦幻岛绘','4122721668084',16.80,6,112,1,'images/category6/pic6.jpg','2021-06-11 20:12:16','2021-06-11 20:12:16'),(201,'我要去旅行（中国版）：西安','萍子编著，梦幻岛绘','4652503420348',16.80,17,152,1,'images/category17/pic6.jpg','2021-06-11 20:12:16','2021-06-11 20:12:16'),(202,'我要去旅行（中国版）：杭州','萍子编著，梦幻岛绘','8185851131646',16.80,10,44,1,'images/category10/pic5.jpg','2021-06-11 20:12:16','2021-06-11 20:12:16'),(203,'朗文机灵狗自然拼读经典（小学生版）第1级','美国培生教育出版集团','0352117822622',88.00,18,98,1,'images/category18/pic10.jpg','2021-06-11 20:12:16','2021-06-11 20:12:16'),(204,'蛙王历险记','曾宪富','6103320662125',29.80,11,124,1,'images/category11/pic7.jpg','2021-06-11 20:12:16','2021-06-11 20:12:16'),(205,'小黑熊找妈妈','曾宪富','1478455345861',29.80,15,97,1,'images/category15/pic19.jpg','2021-06-11 20:12:16','2021-06-11 20:12:16'),(206,'小猪爱丝','曾宪富','6104207066042',29.80,6,41,1,'images/category6/pic7.jpg','2021-06-11 20:12:16','2021-06-11 20:12:16'),(207,'虎王阿里','曾宪富','1678415130517',29.80,12,10,1,'images/category12/pic9.jpg','2021-06-11 20:12:16','2021-06-11 20:12:16'),(208,'铁拐李的故事','杨永青 绘 常立 文','2478702285264',40.00,9,63,1,'images/category9/pic16.jpg','2021-06-11 20:12:16','2021-06-11 20:12:16'),(209,'八仙过海','杨永青 绘 常立 文','6240272078352',40.00,17,20,1,'images/category17/pic7.jpg','2021-06-11 20:12:16','2021-06-11 20:12:16'),(210,'吕洞宾的故事','杨永青 绘 常立 文','1543388776732',40.00,11,128,1,'images/category11/pic8.jpg','2021-06-11 20:12:16','2021-06-11 20:12:16'),(211,'张果老的故事','杨永青 绘 常立 文','2474863045148',40.00,14,72,1,'images/category14/pic12.jpg','2021-06-11 20:12:16','2021-06-11 20:12:16'),(212,'蓝采和的故事','杨永青 绘 常立 文','5435801524626',40.00,8,46,1,'images/category8/pic10.jpg','2021-06-11 20:12:16','2021-06-11 20:12:16'),(213,'曹国舅的故事','杨永青 绘 常立 文','0438210403111',40.00,13,84,1,'images/category13/pic8.jpg','2021-06-11 20:12:16','2021-06-11 20:12:16'),(214,'汉钟离的故事','杨永青 绘 常立 文','1718766018555',40.00,8,129,1,'images/category8/pic11.jpg','2021-06-11 20:12:16','2021-06-11 20:12:16'),(215,'韩湘子的故事','杨永青 绘 常立 文','3618835050284',40.00,6,114,1,'images/category6/pic8.jpg','2021-06-11 20:12:16','2021-06-11 20:12:16'),(216,'何仙姑的故事','杨永青 绘 常立 文','0057841727815',40.00,13,70,1,'images/category13/pic9.jpg','2021-06-11 20:12:16','2021-06-11 20:12:16'),(217,'(套装)酉酉和西西魔法贴纸游戏书：我要去旅行（中国版）（共4册）','萍子编著，梦幻岛绘','6545244463523',67.20,12,94,1,'images/category12/pic10.jpg','2021-06-11 20:12:16','2021-06-11 20:12:16'),(218,'礼记（选）·道德经','苏逢军','0237586374273',19.00,9,128,1,'images/category9/pic17.jpg','2021-06-11 20:12:16','2021-06-11 20:12:16'),(219,'大学·中庸','苏逢军','7000066671034',19.00,9,52,1,'images/category9/pic18.jpg','2021-06-11 20:12:16','2021-06-11 20:12:16'),(220,'古诗词','苏逢军','6740852150463',19.00,11,176,1,'images/category11/pic9.jpg','2021-06-11 20:12:16','2021-06-11 20:12:16'),(221,'孟子（选）','苏逢军','6052561338366',19.00,5,15,1,'images/category5/pic11.jpg','2021-06-11 20:12:16','2021-06-11 20:12:16'),(222,'（套装）德国经典幽默幻想儿童文学火山小精灵系列：超级臭屁+爆破大王+寻宝之旅+冰雪女王','﹝德﹞弗朗西丝卡·','4525004122752',104.00,14,64,1,'images/category14/pic13.jpg','2021-06-11 20:12:16','2021-06-11 20:12:16'),(223,'科学的终结——用科学究竟可以将这个世界解释到何种程度（修订版）','【美】约翰·霍根 著','4130720446173',66.00,7,15,1,'images/category7/pic12.jpg','2021-06-11 20:12:16','2021-06-11 20:12:16'),(224,'冰雪女王','﹝德﹞弗朗西丝卡·','1634116561038',26.00,14,110,1,'images/category14/pic14.jpg','2021-06-11 20:12:16','2021-06-11 20:12:16'),(225,'寻宝之旅','﹝德﹞弗朗西丝卡·','0860500661530',26.00,14,194,1,'images/category14/pic15.jpg','2021-06-11 20:12:16','2021-06-11 20:12:16'),(226,'超级臭屁','﹝德﹞弗朗西丝卡·','8684510241606',26.00,13,116,1,'images/category13/pic10.jpg','2021-06-11 20:12:16','2021-06-11 20:12:16'),(227,'爆破大王','﹝德﹞弗朗西丝卡·','7406700754175',26.00,11,179,1,'images/category11/pic10.jpg','2021-06-11 20:12:16','2021-06-11 20:12:16'),(228,'对不起，朋友','[日]内田麟太郎 文','0400736510216',14.80,11,155,1,'images/category11/pic11.jpg','2021-06-11 20:12:16','2021-06-11 20:12:16'),(229,'不能丢下你','[日]内田麟太郎 文','6611560442707',14.80,8,151,1,'images/category8/pic12.jpg','2021-06-11 20:12:16','2021-06-11 20:12:16'),(230,'朋友，请多多关照','[日]内田麟太郎 文','4173210871223',14.80,20,112,1,'images/category20/pic7.jpg','2021-06-11 20:12:16','2021-06-11 20:12:16'),(231,'谢谢你','[日]内田麟太郎 文','6451142432521',14.80,21,188,1,'images/category21/pic17.jpg','2021-06-11 20:12:16','2021-06-11 20:12:16'),(232,'奇怪的狼哥','[日]内田麟太郎 文','0717533210352',14.80,20,103,1,'images/category20/pic8.jpg','2021-06-11 20:12:16','2021-06-11 20:12:16'),(233,'朋友出租屋','[日]内田麟太郎 文','4778015248566',14.80,13,36,1,'images/category13/pic11.jpg','2021-06-11 20:12:16','2021-06-11 20:12:16'),(234,'那家伙也是朋友','[日]内田麟太郎 文','2140083880058',14.80,3,164,1,'images/category3/pic11.jpg','2021-06-11 20:12:16','2021-06-11 20:12:16'),(235,'朋友回收站','[日]内田麟太郎 文','2078245684852',14.80,20,112,1,'images/category20/pic9.jpg','2021-06-11 20:12:16','2021-06-11 20:12:16'),(236,'狐狸明天会来吗','[日]内田麟太郎 文','4214275487882',14.80,9,161,1,'images/category9/pic19.jpg','2021-06-11 20:12:16','2021-06-11 20:12:16'),(237,'永远是朋友','[日]内田麟太郎 文','5017342347700',14.80,5,152,1,'images/category5/pic12.jpg','2021-06-11 20:12:16','2021-06-11 20:12:16'),(238,'（套装）日本精选大师绘本：狼和狐狸好友养成记','[日]内田麟太郎 文','7705253138252',148.00,18,56,1,'images/category18/pic11.jpg','2021-06-11 20:12:16','2021-06-11 20:12:16'),(239,'多纳爱数学 基础篇','《多纳爱学习》编委会','2582285447473',79.80,17,126,1,'images/category17/pic8.jpg','2021-06-11 20:12:16','2021-06-11 20:12:16'),(240,'多纳爱数学 提高篇','《多纳爱学习》编委会','7847330360552',79.80,15,178,1,'images/category15/pic20.jpg','2021-06-11 20:12:16','2021-06-11 20:12:16'),(241,'多纳爱英语','于薇、马小得、马马','1387446607115',118.00,6,98,1,'images/category6/pic9.jpg','2021-06-11 20:12:16','2021-06-11 20:12:16'),(242,'多纳爱数学 入学篇','《多纳爱学习》编委会','6475867328111',79.80,2,97,1,'images/category2/pic14.jpg','2021-06-11 20:12:16','2021-06-11 20:12:16'),(243,'婴宁','沈启鹏 绘 简平 文','0076142538684',35.00,15,96,1,'images/category15/pic21.jpg','2021-06-11 20:12:16','2021-06-11 20:12:16'),(244,'蟋蟀','黄鸿仪 绘 简平 文','5470203565610',35.00,10,144,1,'images/category10/pic6.jpg','2021-06-11 20:12:16','2021-06-11 20:12:16'),(245,'秋公与花仙','黄培中 绘 李一慢 文','6614240510817',35.00,21,174,1,'images/category21/pic18.jpg','2021-06-11 20:12:16','2021-06-11 20:12:16'),(246,'钟馗捉狐','黄培中 绘 刘海龙 文','5130012346676',45.00,11,202,1,'images/category11/pic12.jpg','2021-06-11 20:12:16','2021-06-11 20:12:16'),(247,'（套装）中国名家经典原创图画书典藏系列第二辑：钟馗捉狐+蟋蟀+秋公与花仙+雷神的故事等','黄培中 绘 刘海龙 文','0408113024856',220.00,5,169,1,'images/category5/pic13.jpg','2021-06-11 20:12:16','2021-06-11 20:12:16'),(248,'雷神的故事','于水 绘 葛欣 文','7875785184664',35.00,13,111,1,'images/category13/pic12.jpg','2021-06-11 20:12:16','2021-06-11 20:12:16'),(249,'鲛人的眼泪','刘健 绘 张菱儿 文','5575754608523',35.00,3,119,1,'images/category3/pic12.jpg','2021-06-11 20:12:16','2021-06-11 20:12:16'),(250,'外黄小儿说服楚霸王','杨永青','8422233256047',12.00,3,59,1,'images/category3/pic13.jpg','2021-06-11 20:12:16','2021-06-11 20:12:16'),(251,'留取丹心','杨永青','5223010143888',12.00,8,96,1,'images/category8/pic13.jpg','2021-06-11 20:12:16','2021-06-11 20:12:16'),(252,'快乐的小动物','杨永青','3621205768770',12.00,11,97,1,'images/category11/pic13.jpg','2021-06-11 20:12:16','2021-06-11 20:12:16'),(253,'渔夫和皇帝','杨永青','3635442846658',12.00,20,78,1,'images/category20/pic10.jpg','2021-06-11 20:12:16','2021-06-11 20:12:16'),(254,'文成公主','杨永青','5583051468405',12.00,1,206,1,'images/category1/pic8.jpg','2021-06-11 20:12:16','2021-06-11 20:12:16'),(255,'火萤与金鱼','杨永青','6061365213838',12.00,3,19,1,'images/category3/pic14.jpg','2021-06-11 20:12:16','2021-06-11 20:12:16'),(256,'大黑熊和小刺猬','杨永青','3471337061376',12.00,10,79,1,'images/category10/pic7.jpg','2021-06-11 20:12:16','2021-06-11 20:12:16'),(257,'金瓜儿银豆儿','杨永青','6212154184510',12.00,14,209,1,'images/category14/pic16.jpg','2021-06-11 20:12:16','2021-06-11 20:12:16'),(258,'（套装）中国名家经典原创图画书乐读本杨永青系列第四辑：梁山伯与祝英台+孟姜女的故事+金瓜儿银豆儿+一只小猪十只狼等','杨永青','7434528388044',150.00,20,140,1,'images/category20/pic11.jpg','2021-06-11 20:12:16','2021-06-11 20:12:16'),(259,'孟姜女的故事','杨永青','5645135288626',15.00,12,116,1,'images/category12/pic11.jpg','2021-06-11 20:12:16','2021-06-11 20:12:16'),(260,'诸葛恪得驴','杨永青','2316602035750',12.00,21,46,1,'images/category21/pic19.jpg','2021-06-11 20:12:16','2021-06-11 20:12:16'),(261,'一只小猪十只狼','杨永青','8842773768456',12.00,7,12,1,'images/category7/pic13.jpg','2021-06-11 20:12:16','2021-06-11 20:12:16'),(262,'梁山伯与祝英台','杨永青','8673374737884',15.00,1,203,1,'images/category1/pic9.jpg','2021-06-11 20:12:16','2021-06-11 20:12:16'),(263,'飞来峰','冯健男','7405887818543',12.00,11,79,1,'images/category11/pic14.jpg','2021-06-11 20:12:16','2021-06-11 20:12:16'),(264,'神女峰的传说','冯健男','5310767487881',12.00,19,131,1,'images/category19/pic8.jpg','2021-06-11 20:12:16','2021-06-11 20:12:16'),(265,'天梯建木','吴松','0158710555281',14.00,1,83,1,'images/category1/pic10.jpg','2021-06-11 20:12:16','2021-06-11 20:12:16'),(266,'月亮读书','铁头','7587612112703',29.00,6,59,1,'images/category6/pic10.jpg','2021-06-11 20:12:16','2021-06-11 20:12:16'),(267,'多纳性格养成','任小霞、郑伟、郭靖','1733021702865',98.00,2,81,1,'images/category2/pic15.jpg','2021-06-11 20:12:16','2021-06-11 20:12:16'),(268,'多纳逆商教育','张秀丽、井涛、郭靖','7666251663820',98.00,4,182,1,'images/category4/pic12.jpg','2021-06-11 20:12:16','2021-06-11 20:12:16'),(269,'多纳儿童成长启蒙','陈欣、沈冰、任小霞','8056341732168',78.00,15,125,1,'images/category15/pic22.jpg','2021-06-11 20:12:16','2021-06-11 20:12:16'),(270,'多纳安全教育','黄清春、付晓雪、谢','0033353164037',118.00,10,11,1,'images/category10/pic8.jpg','2021-06-11 20:12:16','2021-06-11 20:12:16'),(271,'腊八节的故事','方骏','1741616284715',14.00,15,58,1,'images/category15/pic23.jpg','2021-06-11 20:12:16','2021-06-11 20:12:16'),(272,'牛郎织女','方骏','4641087556373',14.00,12,82,1,'images/category12/pic12.jpg','2021-06-11 20:12:16','2021-06-11 20:12:16'),(273,'断织劝学','武建华','3318474561026',12.80,16,146,1,'images/category16/pic12.jpg','2021-06-11 20:12:16','2021-06-11 20:12:16'),(274,'（套装）中国名家经典原创图画书乐读本武建华系列：要钱不要命+两位魔术师+断织劝学+燧人取火+鲧禹治水','武建华','7668534406662',56.00,9,64,1,'images/category9/pic20.jpg','2021-06-11 20:12:16','2021-06-11 20:12:16'),(275,'要钱不要命','武建华','8625070171740',10.80,5,179,1,'images/category5/pic14.jpg','2021-06-11 20:12:16','2021-06-11 20:12:16'),(276,'两位魔术师','武建华','6776458743531',10.80,5,107,1,'images/category5/pic15.jpg','2021-06-11 20:12:16','2021-06-11 20:12:16'),(277,'嫦娥奔月','毛水仙','7253738006056',18.00,17,62,1,'images/category17/pic9.jpg','2021-06-11 20:12:16','2021-06-11 20:12:16'),(278,'（套装）中国名家经典原创图画书乐读本毛水仙系列：嫦娥奔月+女娲补天+白秋练+悟空擒玉兔','毛水仙','8012727416211',76.00,16,159,1,'images/category16/pic13.jpg','2021-06-11 20:12:16','2021-06-11 20:12:16'),(279,'白秋练','毛水仙','8821826526411',15.00,17,152,1,'images/category17/pic10.jpg','2021-06-11 20:12:16','2021-06-11 20:12:16'),(280,'女娲补天','毛水仙','4001168381340',18.00,17,102,1,'images/category17/pic11.jpg','2021-06-11 20:12:16','2021-06-11 20:12:16'),(281,'悟空擒玉兔','毛水仙','7680667225701',25.00,2,203,1,'images/category2/pic16.jpg','2021-06-11 20:12:16','2021-06-11 20:12:16'),(282,'歪歪探长：百变大盗','钟锐','7322485167783',20.00,10,22,1,'images/category10/pic9.jpg','2021-06-11 20:12:16','2021-06-11 20:12:16'),(283,'歪歪探长：真假遗嘱','钟锐','6304468832464',20.00,11,143,1,'images/category11/pic15.jpg','2021-06-11 20:12:16','2021-06-11 20:12:16'),(284,'歪歪探长：火中逃生','钟锐','3505357022155',20.00,9,84,1,'images/category9/pic21.jpg','2021-06-11 20:12:16','2021-06-11 20:12:16'),(285,'歪歪探长：谁在说谎','钟锐','2241252762376',20.00,14,130,1,'images/category14/pic17.jpg','2021-06-11 20:12:16','2021-06-11 20:12:16'),(286,'Python数据分析与挖掘实战','邓立国','1475183180751',79.00,5,22,1,'images/category5/pic16.jpg','2021-06-11 20:27:30','2021-06-11 20:27:30'),(287,'SQL Server数据库应用（全案例微课版）','张华','2534278605861',98.00,15,129,1,'images/category15/pic24.jpg','2021-06-11 20:27:30','2021-06-11 20:27:30'),(288,'数字图书馆智能图像检索系统研究','王华秋','8764833507644',69.00,4,50,1,'images/category4/pic13.jpg','2021-06-11 20:27:30','2021-06-11 20:27:30'),(289,'Oracle数据库系统管理与运维-微课视频版','张立杰 主编 陈恒','0506423077806',69.90,10,176,1,'images/category10/pic10.jpg','2021-06-11 20:27:30','2021-06-11 20:27:30'),(290,'SQL Server 2019从入门到精通（视频教学超值版）','王英英','1000886236787',109.00,20,81,1,'images/category20/pic12.jpg','2021-06-11 20:27:30','2021-06-11 20:27:30'),(291,'数据库原理与应用（Oracle 19c版 ）-微课视频版','杨晨、陈恒、李林瑛','3633682728658',59.80,10,12,1,'images/category10/pic11.jpg','2021-06-11 20:27:30','2021-06-11 20:27:30'),(292,'Microsoft Power BI商业数据分析与案例实战','王国平','5437577372486',79.00,17,180,1,'images/category17/pic12.jpg','2021-06-11 20:27:30','2021-06-11 20:27:30'),(293,'电影产业数据挖掘','王妍、柴剑平','8005826622113',59.00,18,108,1,'images/category18/pic12.jpg','2021-06-11 20:27:30','2021-06-11 20:27:30'),(294,'负关联规则挖掘技术研究','董祥军','6683424628310',59.00,17,204,1,'images/category17/pic13.jpg','2021-06-11 20:27:30','2021-06-11 20:27:30'),(295,'移动通信大数据分析——数据挖掘与机器学习实战','[中]欧阳晔（Ye Ouy','8724602165318',99.00,19,12,1,'images/category19/pic9.jpg','2021-06-11 20:27:30','2021-06-11 20:27:30'),(296,'数据分析思维：分析方法和业务知识','猴子·数据分析学院','7342086558638',99.00,11,74,1,'images/category11/pic16.jpg','2021-06-11 20:27:30','2021-06-11 20:27:30'),(297,'Oracle 12c SQL和PL/SQL编程指南','郑铮','7575264506100',79.00,11,120,1,'images/category11/pic17.jpg','2021-06-11 20:27:30','2021-06-11 20:27:30'),(298,'数据科学导论','黄晓林、刘斌、刘钦','8361680810873',45.00,10,182,1,'images/category10/pic12.jpg','2021-06-11 20:27:30','2021-06-11 20:27:30'),(299,'Access 2010数据库应用（第3版）','杨章静、业巧林、黄','8268472361385',68.00,19,110,1,'images/category19/pic10.jpg','2021-06-11 20:27:30','2021-06-11 20:27:30'),(300,'NoSQL数据库技术与应用','黑马程序员','1538187601540',79.80,5,183,1,'images/category5/pic17.jpg','2021-06-11 20:27:30','2021-06-11 20:27:30'),(301,'SQL Server从入门到精通（微视频精编版）','明日科技','2514363476424',99.80,19,71,1,'images/category19/pic11.jpg','2021-06-11 20:27:30','2021-06-11 20:27:30'),(302,'Python 3网络爬虫实战','胡松涛','5585465400741',79.00,12,67,1,'images/category12/pic13.jpg','2021-06-11 20:27:30','2021-06-11 20:27:30'),(303,'SQL Server 2016数据库边做边学-微课视频版','陈金萍、陈艳、姜广坤','8233414846436',49.80,18,194,1,'images/category18/pic13.jpg','2021-06-11 20:27:30','2021-06-11 20:27:30'),(304,'Oracle从入门到精通（微视频精编版）','明日科技','6416657444166',99.80,2,77,1,'images/category2/pic17.jpg','2021-06-11 20:27:30','2021-06-11 20:27:30'),(305,'大话数据科学——大数据与机器学习实战（基于R语言）','陈文贤','4073886554314',128.00,15,70,1,'images/category15/pic25.jpg','2021-06-11 20:27:30','2021-06-11 20:27:30'),(306,'Neo4j 图数据库扩展指南：APOC和ALGO','俞方桦','7232210606082',79.00,19,81,1,'images/category19/pic12.jpg','2021-06-11 20:27:30','2021-06-11 20:27:30'),(307,'MySQL高可用实践','王雪迎','2238386724328',99.00,9,105,1,'images/category9/pic22.jpg','2021-06-11 20:27:30','2021-06-11 20:27:30'),(308,'openGauss数据库核心技术','李国良、周敏奇','1345521734755',79.00,12,36,1,'images/category12/pic14.jpg','2021-06-11 20:27:30','2021-06-11 20:27:30'),(309,'SQL Server 2017数据库从入门到实战-微课版','杨晓春 秦婧 刘存勇','0375873060821',69.80,7,17,1,'images/category7/pic14.jpg','2021-06-11 20:27:30','2021-06-11 20:27:30'),(310,'Scala和Spark大数据分析  函数式编程、数据流和机器学习','[德] 雷扎尔·卡里姆','6776233023777',158.00,3,116,1,'images/category3/pic15.jpg','2021-06-11 20:27:30','2021-06-11 20:27:30'),(311,'大数据可视化技术与应用-微课视频版','黄源、蒋文豪、徐受','5322688113564',49.80,20,14,1,'images/category20/pic13.jpg','2021-06-11 20:27:30','2021-06-11 20:27:30'),(312,'Oracle区块链开发技术','[美]罗伯特·范·莫肯','2007533707163',149.00,15,121,1,'images/category15/pic26.jpg','2021-06-11 20:27:30','2021-06-11 20:27:30'),(313,'精通PostgreSQL 11（第2版）','[奥]汉斯·尤尔根·舍','6141608054871',119.00,5,107,1,'images/category5/pic18.jpg','2021-06-11 20:27:30','2021-06-11 20:27:30'),(314,'SPSS统计分析与实验指导（视频教学版）','杨维忠','2812414525060',69.00,9,192,1,'images/category9/pic23.jpg','2021-06-11 20:27:30','2021-06-11 20:27:30'),(315,'SQL Server从入门到精通（第3版）','明日科技','6605743655722',89.80,15,167,1,'images/category15/pic27.jpg','2021-06-11 20:27:30','2021-06-11 20:27:30'),(316,'Oracle从入门到精通（第3版）','明日科技','1244245708664',89.80,17,90,1,'images/category17/pic14.jpg','2021-06-11 20:27:30','2021-06-11 20:27:30'),(317,'Oracle Exadata性能优化','石云华、陈浩、饶冰','7717372776332',89.00,1,124,1,'images/category1/pic11.jpg','2021-06-11 20:27:30','2021-06-11 20:27:30'),(318,'Oracle RAC 12.2架构高可用数据库权威指南：概念、管理、优化和故障排除','印]K.柯普莱克里什','1182756640576',98.00,11,13,1,'images/category11/pic18.jpg','2021-06-11 20:27:30','2021-06-11 20:27:30'),(319,'SAS+R大数据行业应用案例分析 运用预测模型和机器学习技术','[印]迪普提·古普塔','2714077538252',98.00,16,27,1,'images/category16/pic14.jpg','2021-06-11 20:27:30','2021-06-11 20:27:30'),(320,'智能搜索：大数据搜索引擎原理及算法解析','沙芸','2355280770425',69.80,14,183,1,'images/category14/pic18.jpg','2021-06-11 20:27:30','2021-06-11 20:27:30'),(321,'SQL Server 2017从零开始学（视频教学版）','李小威','4545083576118',89.00,20,122,1,'images/category20/pic14.jpg','2021-06-11 20:27:30','2021-06-11 20:27:30'),(322,'Docker数据中心及其内核技术','马献章','3266420687541',99.00,5,58,1,'images/category5/pic19.jpg','2021-06-11 20:27:30','2021-06-11 20:27:30'),(323,'MySQL 8从零开始学（视频教学版）','胡同夫','7402373461331',89.00,2,12,1,'images/category2/pic18.jpg','2021-06-11 20:27:30','2021-06-11 20:27:30'),(324,'Hadoop大数据技术开发实战','张伟洋','6536181214868',99.00,13,96,1,'images/category13/pic13.jpg','2021-06-11 20:27:30','2021-06-11 20:27:30'),(325,'股票大数据挖掘实战——股票预测篇','洪志令、吴梅红','3752501618770',79.00,1,139,1,'images/category1/pic12.jpg','2021-06-11 20:27:30','2021-06-11 20:27:30'),(326,'SQL基础教程（视频教学版）','李小威','6770456750277',69.00,19,92,1,'images/category19/pic13.jpg','2021-06-11 20:27:30','2021-06-11 20:27:30'),(327,'PostgreSQL 11从入门到精通(视频教学版)','李小威','1000243647083',89.00,6,156,1,'images/category6/pic11.jpg','2021-06-11 20:27:30','2021-06-11 20:27:30'),(328,'SQL Server 2016 数据库应用实战','刘玉红、李园','4303323744460',68.00,9,114,1,'images/category9/pic24.jpg','2021-06-11 20:27:30','2021-06-11 20:27:30'),(329,'一本书玩转数据分析（第2版）','李军','0114657017820',69.80,7,167,1,'images/category7/pic15.jpg','2021-06-11 20:27:30','2021-06-11 20:27:30'),(330,'中文版Access 2019宝典(第9版)','[美]迈克尔·亚力山','0127265112331',128.00,18,37,1,'images/category18/pic14.jpg','2021-06-11 20:27:30','2021-06-11 20:27:30'),(331,'数据分析思维与可视化','黑马程序员','3015065361552',39.00,11,161,1,'images/category11/pic19.jpg','2021-06-11 20:27:30','2021-06-11 20:27:30'),(332,'Apache Kafka2.0入门与实践','[美]劳尔·埃斯特拉','3457513287476',69.00,16,124,1,'images/category16/pic15.jpg','2021-06-11 20:27:30','2021-06-11 20:27:30'),(333,'SQL Server 从入门到项目实践（超值版）','聚慕课教育研发中心','2208468872066',79.90,14,96,1,'images/category14/pic19.jpg','2021-06-11 20:27:30','2021-06-11 20:27:30'),(334,'MySQL 8从入门到精通（视频教学版）','王英英','2206381781240',128.00,2,175,1,'images/category2/pic19.jpg','2021-06-11 20:27:30','2021-06-11 20:27:30'),(335,'Access 2016数据库应用案例教程','辛明远','8034753377700',59.00,11,98,1,'images/category11/pic20.jpg','2021-06-11 20:27:30','2021-06-11 20:27:30'),(336,'OCA Oracle Database SQL认证考试指南(1Z0-071)','[美] 史蒂夫·奥赫恩','3162515568285',98.00,18,172,1,'images/category18/pic15.jpg','2021-06-11 20:27:30','2021-06-11 20:27:30'),(337,'Oracle公有云实用指南','肖宇、刘晓宇、洪俊','6540312680481',89.00,7,146,1,'images/category7/pic16.jpg','2021-06-11 20:27:30','2021-06-11 20:27:30'),(338,'R统计数据清洗及应用','[荷兰]马克·范德鲁','0464876745047',79.80,1,168,1,'images/category1/pic13.jpg','2021-06-11 20:27:30','2021-06-11 20:27:30'),(339,'精通MySQL 8（视频教学版）','刘华贞','3064756851486',79.00,8,33,1,'images/category8/pic14.jpg','2021-06-11 20:27:30','2021-06-11 20:27:30'),(340,'Oracle Database 12cR2 In-Memory性能优化实战','[美] 乔吉特·班纳吉','7400737852743',59.80,1,180,1,'images/category1/pic14.jpg','2021-06-11 20:27:30','2021-06-11 20:27:30'),(341,'Oracle从新手到高手','杨继萍 等','1364584831087',88.00,4,85,1,'images/category4/pic14.jpg','2021-06-11 20:27:30','2021-06-11 20:27:30'),(342,'SQL Server 2016数据库入门与应用','李艳丽、靳智良','7537646420880',55.00,6,62,1,'images/category6/pic12.jpg','2021-06-11 20:27:30','2021-06-11 20:27:30'),(343,'Oracle 12c数据库入门与应用','靳智良、冯海燕','3047051467023',66.00,5,56,1,'images/category5/pic20.jpg','2021-06-11 20:27:30','2021-06-11 20:27:30'),(344,'Oracle Database 12cR2性能调整与优化（第5版）','[美]理查德·尼米克(','8205456073166',168.00,18,129,1,'images/category18/pic16.jpg','2021-06-11 20:27:30','2021-06-11 20:27:30'),(345,'Access 2016数据库管理与应用从新手到高手','杨继萍','1546170703038',89.00,8,40,1,'images/category8/pic15.jpg','2021-06-11 20:27:30','2021-06-11 20:27:30'),(346,'MySQL 5.7从入门到精通（视频教学版）（第2版）','张工厂','8152688643382',138.00,1,170,1,'images/category1/pic15.jpg','2021-06-11 20:27:30','2021-06-11 20:27:30'),(347,'大话数据恢复','陈培德','8370067864102',79.80,20,62,1,'images/category20/pic15.jpg','2021-06-11 20:27:30','2021-06-11 20:27:30'),(348,'主数据驱动的数据治理——原理、技术与实践','王兆君、王钺、曹朝辉','6375551862576',89.00,11,71,1,'images/category11/pic21.jpg','2021-06-11 20:27:30','2021-06-11 20:27:30'),(349,'SQL和PL/SQL深度编程 数据建模 高级编程 高级分析 安全与管理','[美] 阿勒普 · 纳达','0105240576567',128.00,1,117,1,'images/category1/pic16.jpg','2021-06-11 20:27:30','2021-06-11 20:27:30'),(350,'Oracle 从入门到项目实践（超值版）','聚慕课教育研发中心','5130264884766',79.90,9,142,1,'images/category9/pic25.jpg','2021-06-11 20:27:30','2021-06-11 20:27:30'),(351,'Neo4j 3.x入门经典','[法]杰罗姆·巴同（J','4583026818368',69.00,14,25,1,'images/category14/pic20.jpg','2021-06-11 20:27:30','2021-06-11 20:27:30'),(352,'大数据处理与存储技术','葛维春','2131038824512',79.00,1,144,1,'images/category1/pic17.jpg','2021-06-11 20:27:30','2021-06-11 20:27:30'),(353,'Cloudera Hadoop大数据平台实战指南','宋立桓、陈建平','4074553647476',59.00,20,18,1,'images/category20/pic16.jpg','2021-06-11 20:27:30','2021-06-11 20:27:30'),(354,'SQL机器学习库MADlib技术解析','王雪迎','6763003468176',79.00,15,89,1,'images/category15/pic28.jpg','2021-06-11 20:27:30','2021-06-11 20:27:30'),(355,'Python数据分析实战','吕云翔、李伊琳、王','5150081704258',39.00,12,52,1,'images/category12/pic15.jpg','2021-06-11 20:27:30','2021-06-11 20:27:30'),(356,'SPSS实战与统计思维','武松','1088715818013',99.00,5,52,1,'images/category5/pic21.jpg','2021-06-11 20:27:30','2021-06-11 20:27:30'),(357,'精通Oracle 12c 数据库管理','王荣鑫','2100651253758',59.00,4,27,1,'images/category4/pic15.jpg','2021-06-11 20:27:30','2021-06-11 20:27:30'),(358,'大数据架构之道与项目实战','常耀斌 郑智民 周贤波','3773246807736',75.00,11,207,1,'images/category11/pic22.jpg','2021-06-11 20:27:30','2021-06-11 20:27:30'),(359,'Spark实时大数据分析——基于Spark Streaming框架','（美）祖贝尔·纳比','2006602341365',89.00,15,24,1,'images/category15/pic29.jpg','2021-06-11 20:27:30','2021-06-11 20:27:30'),(360,'由浅入深PostgreSQL','[奥]汉斯·尤尔根·舍','5140767003200',98.00,15,120,1,'images/category15/pic30.jpg','2021-06-11 20:27:30','2021-06-11 20:27:30'),(361,'Hadoop+Spark大数据技术（微课版）','刘彬斌主编，李柏章','0040515066447',69.00,5,11,1,'images/category5/pic22.jpg','2021-06-11 20:27:30','2021-06-11 20:27:30'),(362,'从零开始学Python数据分析与挖掘','刘顺祥','0758688757157',79.00,18,203,1,'images/category18/pic17.jpg','2021-06-11 20:27:30','2021-06-11 20:27:30'),(363,'MySQL 从入门到项目实践（超值版）','聚慕课教育研发中心','8551454702167',89.90,21,67,1,'images/category21/pic20.jpg','2021-06-11 20:27:30','2021-06-11 20:27:30'),(364,'Exadata实施运维指南','石云华','6132016252555',99.00,15,201,1,'images/category15/pic31.jpg','2021-06-11 20:27:30','2021-06-11 20:27:30'),(365,'智慧警务——大数据环境下新时代公安信息化建设模式探索','刘绪崇、苏欣、唐德权','6525613288814',45.00,12,10,1,'images/category12/pic16.jpg','2021-06-11 20:27:30','2021-06-11 20:27:30'),(366,'精通Elastic Stack','[印]Y.古普塔（Yuvr','3585430404651',79.90,16,38,1,'images/category16/pic16.jpg','2021-06-11 20:27:30','2021-06-11 20:27:30'),(367,'Oracle 12c从入门到精通（视频教学超值版）','王英英、李小威','8735234733555',89.00,5,22,1,'images/category5/pic23.jpg','2021-06-11 20:27:30','2021-06-11 20:27:30'),(368,'数据挖掘：商业数据分析技术与实践','[美]盖丽特·徐茉莉','1126522781228',118.00,3,151,1,'images/category3/pic16.jpg','2021-06-11 20:27:30','2021-06-11 20:27:30'),(369,'MySQL 5.7从入门到实战（视频教学版）','张婷','1715606081238',118.00,8,109,1,'images/category8/pic16.jpg','2021-06-11 20:27:30','2021-06-11 20:27:30'),(370,'Oracle Database 12cR2多租户权威指南','[新西兰]Anton Els','8533644424130',79.80,15,118,1,'images/category15/pic32.jpg','2021-06-11 20:27:30','2021-06-11 20:27:30'),(371,'Igor Pro实用教程——图表绘制、数据分析与程序设计','贾小文','2048714431167',128.00,13,208,1,'images/category13/pic14.jpg','2021-06-11 20:27:30','2021-06-11 20:27:30'),(372,'智能数据挖掘——面向不确定数据的频繁模式','于晓梅、王红','0463557355866',49.00,12,188,1,'images/category12/pic17.jpg','2021-06-11 20:27:30','2021-06-11 20:27:30'),(373,'移动设备数据挖掘技术','（美）杰西·梅纳','1441662074402',99.00,6,18,1,'images/category6/pic13.jpg','2021-06-11 20:27:30','2021-06-11 20:27:30'),(374,'MySQL 5.7从零开始学（视频教学版）','王英英 李小威','7715284267572',79.00,19,98,1,'images/category19/pic14.jpg','2021-06-11 20:27:30','2021-06-11 20:27:30'),(375,'PostgreSQL 9.6从零开始学(视频教学版)','李小威','1067447151856',59.00,8,158,1,'images/category8/pic17.jpg','2021-06-11 20:27:30','2021-06-11 20:27:30'),(376,'SQL Server 2016从入门到精通（视频教学超值版）','王英英','8301568787144',79.00,16,116,1,'images/category16/pic17.jpg','2021-06-11 20:27:30','2021-06-11 20:27:30'),(377,'Spark SQL入门与实践指南','纪涵、靖晓文、赵政达','2173568511622',49.00,3,83,1,'images/category3/pic17.jpg','2021-06-11 20:27:30','2021-06-11 20:27:30'),(378,'HAWQ数据仓库与数据挖掘实战','王雪迎','8307785455586',98.00,1,187,1,'images/category1/pic18.jpg','2021-06-11 20:27:30','2021-06-11 20:27:30'),(379,'新媒体数据挖掘——基于R语言','王小峰 方捷','8083861165323',58.00,20,181,1,'images/category20/pic17.jpg','2021-06-11 20:27:30','2021-06-11 20:27:30'),(380,'洞见数据价值：大数据挖掘要案纪实','毕马威中国大数据团队','8505007042276',69.00,4,101,1,'images/category4/pic16.jpg','2021-06-11 20:27:30','2021-06-11 20:27:30'),(381,'SQL Server 2016 从入门到实战（视频教学版）','孙亚男 郝军','2883775407324',69.00,21,144,1,'images/category21/pic21.jpg','2021-06-11 20:27:30','2021-06-11 20:27:30'),(382,'Spark大数据商业实战三部曲：内核解密|商业案例|性能调优','王家林、段智华、夏阳','3674241362213',299.00,15,50,1,'images/category15/pic33.jpg','2021-06-11 20:27:30','2021-06-11 20:27:30'),(383,'SQL Server 2016报表设计与BI解决方案（第3版） Reporting Services和Mobile Reports实战','[美] Paul Turley','2773435315212',128.00,12,123,1,'images/category12/pic18.jpg','2021-06-11 20:27:30','2021-06-11 20:27:30'),(384,'构建Oracle数据库云最佳实践 使用Oracle Enterprise Manager Cloud Control 13c','[印]Porus Homi Hav','1201552776860',68.00,19,110,1,'images/category19/pic15.jpg','2021-06-11 20:27:30','2021-06-11 20:27:30'),(385,'新手学数据分析（入门篇）','杨群','4332432154351',45.00,12,47,1,'images/category12/pic19.jpg','2021-06-11 20:27:30','2021-06-11 20:27:30'),(386,'实时大数据分析——基于Storm、Spark技术的实时应用','[美]Sumit Gupta, S','1014537722068',79.00,21,86,1,'images/category21/pic22.jpg','2021-06-11 20:27:30','2021-06-11 20:27:30'),(387,'云端存储 Oracle ASM核心指南','[印] Nitin Vengurl','7051557348005',79.80,2,107,1,'images/category2/pic20.jpg','2021-06-11 20:27:30','2021-06-11 20:27:30'),(388,'精通Oracle R Enterprise大数据 在Oracle数据库中充分利用R的强大功能','[美]Brendan Tierne','0845668314672',59.80,17,161,1,'images/category17/pic15.jpg','2021-06-11 20:27:30','2021-06-11 20:27:30'),(389,'MERN全栈开发 使用Mongo Express React和Node','[美]Vasan Subraman','5507421278658',59.80,15,150,1,'images/category15/pic34.jpg','2021-06-11 20:27:30','2021-06-11 20:27:30'),(390,'从Lucene到Elasticsearch：全文检索实战','姚攀','2705033651643',79.00,17,157,1,'images/category17/pic16.jpg','2021-06-11 20:27:30','2021-06-11 20:27:30'),(391,'大数据、数据挖掘与智慧运营','梁栋 张兆静 彭木根','5086655727050',99.00,13,55,1,'images/category13/pic15.jpg','2021-06-11 20:27:30','2021-06-11 20:27:30'),(392,'数据可视化实用教程','（美）凯蒂·伯尔纳','2262534207383',49.80,10,42,1,'images/category10/pic13.jpg','2021-06-11 20:27:30','2021-06-11 20:27:30'),(393,'TimesTen内存数据库架构与实践','萧宇','1381636535737',69.00,8,100,1,'images/category8/pic18.jpg','2021-06-11 20:27:30','2021-06-11 20:27:30'),(394,'大数据金融与征信','何平平 车云月','5765604304521',42.00,9,15,1,'images/category9/pic26.jpg','2021-06-11 20:27:30','2021-06-11 20:27:30'),(395,'Oracle  11g从入门到精通（第2版）','明日科技','7046284654172',79.80,18,46,1,'images/category18/pic18.jpg','2021-06-11 20:27:30','2021-06-11 20:27:30'),(396,'SQL Server 从入门到精通（第2版）','明日科技','4886233023621',79.80,14,71,1,'images/category14/pic21.jpg','2021-06-11 20:27:30','2021-06-11 20:27:30'),(397,'MySQL从入门到精通','明日科技','5728837680130',79.80,17,53,1,'images/category17/pic17.jpg','2021-06-11 20:27:30','2021-06-11 20:27:30'),(398,'MongoDB游记之轻松入门到进阶','张泽泉','2741118702062',59.00,6,135,1,'images/category6/pic14.jpg','2021-06-11 20:27:30','2021-06-11 20:27:30'),(399,'Neo4j 权威指南','张帜、庞国明、胡佳','0425237582202',99.00,2,77,1,'images/category2/pic21.jpg','2021-06-11 20:27:30','2021-06-11 20:27:30'),(400,'云计算环境下Spark大数据处理技术与实践','邓立国 佟强','4460278817328',69.00,19,160,1,'images/category19/pic16.jpg','2021-06-11 20:27:30','2021-06-11 20:27:30'),(401,'数据库原理与应用（SQL Server 2016版本）','邓立国、佟强 主编','6436175886877',79.00,5,37,1,'images/category5/pic24.jpg','2021-06-11 20:27:30','2021-06-11 20:27:30'),(402,'实战大数据——MATLAB数据挖掘详解与实践','许国根，贾瑛','6882267466704',89.00,14,123,1,'images/category14/pic22.jpg','2021-06-11 20:27:30','2021-06-11 20:27:30'),(403,'大数据MBA 通过大数据实现与分析驱动企业决策与转型','[美] Bill Schmarzo','0818174638138',49.80,9,23,1,'images/category9/pic27.jpg','2021-06-11 20:27:30','2021-06-11 20:27:30'),(404,'基于Rattle的可视化数据挖掘技术','张冬慧','4485858186110',39.00,15,134,1,'images/category15/pic35.jpg','2021-06-11 20:27:30','2021-06-11 20:27:30'),(405,'Access 2016数据库应用与开发','刘玉红、李园','5701601775600',78.00,13,209,1,'images/category13/pic16.jpg','2021-06-11 20:27:30','2021-06-11 20:27:30'),(406,'大数据基础编程、实验和案例教程','林子雨','8365334844585',59.00,13,153,1,'images/category13/pic17.jpg','2021-06-11 20:27:30','2021-06-11 20:27:30'),(407,'迎接数据中心的奇点——企业级数据中心现代化技术与实践','窦文清 雷万云 姜','5826385308141',69.00,2,143,1,'images/category2/pic22.jpg','2021-06-11 20:27:30','2021-06-11 20:27:30'),(408,'数据中心设计与管理','林予松、李润知、刘炜','4347436445143',58.00,19,189,1,'images/category19/pic17.jpg','2021-06-11 20:27:30','2021-06-11 20:27:30'),(409,'Hadoop权威指南：大数据的存储与分析（第4版）','Tom White著 王海，','5323347358053',148.00,2,195,1,'images/category2/pic23.jpg','2021-06-11 20:27:30','2021-06-11 20:27:30'),(410,'Tableau数据可视化从入门到精通','王国平','5310317138641',49.00,8,66,1,'images/category8/pic19.jpg','2021-06-11 20:27:30','2021-06-11 20:27:30'),(411,'中文版Access 2016数据库应用实用教程','程少丽 李莉莉','7735403853151',42.00,3,75,1,'images/category3/pic18.jpg','2021-06-11 20:27:30','2021-06-11 20:27:30'),(412,'大数据·数据管理与数据工程','赵眸光、赵勇','3752584213770',59.00,5,155,1,'images/category5/pic25.jpg','2021-06-11 20:27:30','2021-06-11 20:27:30'),(413,'Hadoop构建数据仓库实践','王雪迎','8185780205052',89.00,15,148,1,'images/category15/pic36.jpg','2021-06-11 20:27:30','2021-06-11 20:27:30'),(414,'DB2从入门到精通','明日科技','3636224543860',79.80,18,113,1,'images/category18/pic19.jpg','2021-06-11 20:27:30','2021-06-11 20:27:30'),(415,'类别不平衡学习：理论与算法','于化龙','3036707682050',58.00,10,16,1,'images/category10/pic14.jpg','2021-06-11 20:27:30','2021-06-11 20:27:30'),(416,'Elasticsearch集成Hadoop最佳实践','[著] (美)Vishal Sh','8142066834243',55.00,5,80,1,'images/category5/pic26.jpg','2021-06-11 20:27:30','2021-06-11 20:27:30'),(417,'数据不说谎：大数据之下的世界','城市数据团','3181465475062',69.00,4,42,1,'images/category4/pic17.jpg','2021-06-11 20:27:30','2021-06-11 20:27:30'),(418,'Oracle数据库升级、迁移和转换最佳实践','[美] Edward Whalen','4310874524251',68.00,2,106,1,'images/category2/pic24.jpg','2021-06-11 20:27:30','2021-06-11 20:27:30'),(419,'应用STATA做统计分析 更新至STATA 12 （原书第8版）','[美] Lawrence C. H','2804286102681',69.80,12,170,1,'images/category12/pic20.jpg','2021-06-11 20:27:30','2021-06-11 20:27:30'),(420,'Oracle Database 12c Oracle RMAN备份与恢复（第4版）','[美]Robert G. Free','7074316662671',99.80,21,62,1,'images/category21/pic23.jpg','2021-06-11 20:27:30','2021-06-11 20:27:30'),(421,'Spark Streaming技术内幕及源码剖析','王家林 夏阳','5877815517231',49.00,21,201,1,'images/category21/pic24.jpg','2021-06-11 20:27:30','2021-06-11 20:27:30'),(422,'数据革命：大数据价值实现方法、技术与案例','范煜','1715812520811',49.00,12,117,1,'images/category12/pic21.jpg','2021-06-11 20:27:30','2021-06-11 20:27:30'),(423,'数据化网站运营深度剖析','车云月','8535340605350',39.80,13,106,1,'images/category13/pic18.jpg','2021-06-11 20:27:30','2021-06-11 20:27:30'),(424,'数据分析技术(第2版) 使用SQL和Excel工具','[美]Gordon S. Lino','3458274263227',98.00,18,57,1,'images/category18/pic20.jpg','2021-06-11 20:27:30','2021-06-11 20:27:30'),(425,'MongoDB大数据处理权威指南（第3版）','[美]David Hows，Pe','0657623807112',49.80,17,11,1,'images/category17/pic18.jpg','2021-06-11 20:27:30','2021-06-11 20:27:30'),(426,'数字陷阱','李凯','4881222883485',36.00,14,170,1,'images/category14/pic23.jpg','2021-06-11 20:27:30','2021-06-11 20:27:30'),(427,'Oracle Database 12c实用教程','姚瑶、王燕、丁颖','8678841152665',45.00,1,168,1,'images/category1/pic19.jpg','2021-06-11 20:27:30','2021-06-11 20:27:30'),(428,'数据挖掘与预测分析(第2版)','[美]Daniel T. Laro','1744714215146',99.80,14,182,1,'images/category14/pic24.jpg','2021-06-11 20:27:30','2021-06-11 20:27:30'),(429,'数据库服务中基于密码学的访问控制','田秀霞 孙建国 周傲','3865147000818',35.00,15,170,1,'images/category15/pic37.jpg','2021-06-11 20:27:30','2021-06-11 20:27:30'),(430,'Access 2016数据库应用基础教程','王秉宏','4415426375354',45.00,10,91,1,'images/category10/pic15.jpg','2021-06-11 20:27:30','2021-06-11 20:27:30'),(431,'百度统计：网站数据分析实战','李迅','4017875545604',49.00,8,64,1,'images/category8/pic20.jpg','2021-06-11 20:27:30','2021-06-11 20:27:30'),(432,'Matlab R2016a从入门到精通','温欣研','1534244421361',89.00,2,156,1,'images/category2/pic25.jpg','2021-06-11 20:27:30','2021-06-11 20:27:30'),(433,'SPSS数据统计与分析应用教程：基础篇','刘江涛、刘立佳','2864636030408',55.00,5,146,1,'images/category5/pic27.jpg','2021-06-11 20:27:30','2021-06-11 20:27:30'),(434,'SQL Server 2014从入门到精通','王立平、刘祥淼、彭霁','5106687707420',69.00,5,23,1,'images/category5/pic28.jpg','2021-06-11 20:27:30','2021-06-11 20:27:30'),(435,'大数据：从基础理论到最佳实践','祁伟、刘冰、常志军','0815638742224',59.80,2,206,1,'images/category2/pic26.jpg','2021-06-11 20:27:30','2021-06-11 20:27:30'),(436,'大数据技术概论','娄岩 徐东雨','6310115563743',35.00,11,95,1,'images/category11/pic23.jpg','2021-06-11 20:27:30','2021-06-11 20:27:30'),(437,'Hadoop + Spark 大数据巨量分析与机器学习整合开发实战','林大贵','2672148566548',79.00,21,138,1,'images/category21/pic25.jpg','2021-06-11 20:27:30','2021-06-11 20:27:30'),(438,'Hadoop应用实战','谭磊、范磊','6354642457056',48.00,17,123,1,'images/category17/pic19.jpg','2021-06-11 20:27:30','2021-06-11 20:27:30'),(439,'每天5分钟玩转OpenStack','CloudMan','2116687043464',89.00,5,52,1,'images/category5/pic29.jpg','2021-06-11 20:27:30','2021-06-11 20:27:30'),(440,'Python 网络爬虫实战','胡松涛','0037300875685',59.00,12,74,1,'images/category12/pic22.jpg','2021-06-11 20:27:30','2021-06-11 20:27:30'),(441,'MongoDB实战  架构、开发与管理','[美]Shakuntala Gup','7334705055625',49.80,7,97,1,'images/category7/pic17.jpg','2021-06-11 20:27:30','2021-06-11 20:27:30'),(442,'基于Apache Kylin构建大数据分析平台','蒋守壮','5714600181628',69.00,9,105,1,'images/category9/pic28.jpg','2021-06-11 20:27:30','2021-06-11 20:27:30'),(443,'大数据侦查','王燃','8272113833877',49.80,8,128,1,'images/category8/pic21.jpg','2021-06-11 20:27:30','2021-06-11 20:27:30'),(444,'大话统计学','陈文贤，陈静枝','3151726671418',59.00,19,186,1,'images/category19/pic18.jpg','2021-06-11 20:27:30','2021-06-11 20:27:30'),(445,'SQL Server 2012中文版数据库管理、应用与开发实践教程','董志鹏、侯艳书','2631367054848',59.00,19,122,1,'images/category19/pic19.jpg','2021-06-11 20:27:30','2021-06-11 20:27:30'),(446,'SQL Server 2014从零开始学（视频教学版）','王英英','3612130825021',79.00,12,194,1,'images/category12/pic23.jpg','2021-06-11 20:27:30','2021-06-11 20:27:30'),(447,'中文版Access 2016宝典(第8版)','[美]Michael Alexan','2614257668243',128.00,3,49,1,'images/category3/pic19.jpg','2021-06-11 20:27:30','2021-06-11 20:27:30'),(448,'Access 2013从零开始学（视频教学版）','刘增杰、李园','8645707242143',79.00,15,152,1,'images/category15/pic38.jpg','2021-06-11 20:27:30','2021-06-11 20:27:30'),(449,'数据存储技术与实践','查伟','2667711017020',58.00,20,170,1,'images/category20/pic18.jpg','2021-06-11 20:27:30','2021-06-11 20:27:30'),(450,'MySQL 5.7从入门到精通（视频教学版）','刘增杰','3313575882563',98.00,5,101,1,'images/category5/pic30.jpg','2021-06-11 20:27:30','2021-06-11 20:27:30'),(451,'智能电网大数据云计算技术研究','周国亮、宋亚奇、朱','2258634024666',39.00,11,40,1,'images/category11/pic24.jpg','2021-06-11 20:27:30','2021-06-11 20:27:30'),(452,'大数据可视化','周苏、王文','7001006876651',45.00,4,52,1,'images/category4/pic18.jpg','2021-06-11 20:27:30','2021-06-11 20:27:30'),(453,'数据驱动的管理','王纹、毛彦','1168716012365',49.00,17,55,1,'images/category17/pic20.jpg','2021-06-11 20:27:30','2021-06-11 20:27:30'),(454,'Spark大数据处理： 原理、算法与实例','刘军 林文辉 方澄','1631640246056',49.00,16,112,1,'images/category16/pic18.jpg','2021-06-11 20:27:30','2021-06-11 20:27:30'),(455,'数据挖掘与机器学习——WEKA应用技术与实践（第二版）','袁梅宇','2787532501720',79.00,21,17,1,'images/category21/pic26.jpg','2021-06-11 20:27:30','2021-06-11 20:27:30'),(456,'Access 数据库基础及应用（第2版）','智云科技','4045000710850',59.00,15,60,1,'images/category15/pic39.jpg','2021-06-11 20:27:30','2021-06-11 20:27:30'),(457,'图解数据结构 （第二版）','胡昭民','6502411488817',49.00,12,208,1,'images/category12/pic24.jpg','2021-06-11 20:27:30','2021-06-11 20:27:30'),(458,'微软办公软件认证考试MOS Access 2013实训教程','徐日','7383777702740',29.50,6,27,1,'images/category6/pic15.jpg','2021-06-11 20:27:30','2021-06-11 20:27:30'),(459,'大数据技术入门','杨正洪','8605822576526',59.00,11,25,1,'images/category11/pic25.jpg','2021-06-11 20:27:30','2021-06-11 20:27:30'),(460,'深度解析Oracle--实战与提高','付培利、梁世强、徐茹','5202805701872',45.00,8,93,1,'images/category8/pic22.jpg','2021-06-11 20:27:30','2021-06-11 20:27:30'),(461,'Oracle快手DBA 零基础入门实战','史跃东','6058841068877',39.80,21,137,1,'images/category21/pic27.jpg','2021-06-11 20:27:30','2021-06-11 20:27:30'),(462,'大数据策略 如何成功使用大数据与10个行业案例分享','[美]Pam Baker著 Bo','4817881551630',49.80,16,50,1,'images/category16/pic19.jpg','2021-06-11 20:27:30','2021-06-11 20:27:30'),(463,'Access 2010数据库应用案例教程','曹小震','1831587477256',45.00,3,15,1,'images/category3/pic20.jpg','2021-06-11 20:27:30','2021-06-11 20:27:30'),(464,'Dreamweaver + PHP + MySQL 动态网站开发案例课堂','刘玉红、蒲娟','7202050858887',68.00,18,174,1,'images/category18/pic21.jpg','2021-06-11 20:27:30','2021-06-11 20:27:30'),(465,'Oracle 12c中文版数据库管理、应用与开发实践教程','程朝斌、张水波','2053403881175',59.00,9,62,1,'images/category9/pic29.jpg','2021-06-11 20:27:30','2021-06-11 20:27:30'),(466,'MySQL数据库管理与开发实践教程','程朝斌、张水波','7714325154830',49.00,6,209,1,'images/category6/pic16.jpg','2021-06-11 20:27:30','2021-06-11 20:27:30'),(467,'Access 2013数据库应用案例课堂','刘玉红、郭广新','0307573757083',59.00,13,37,1,'images/category13/pic19.jpg','2021-06-11 20:27:30','2021-06-11 20:27:30'),(468,'大数据搜索与日志挖掘及可视化方案——ELK Stack:Elasticsearch、Logstash、Kibana (第2版)','高凯 等','7531500558347',49.90,1,42,1,'images/category1/pic20.jpg','2021-06-11 20:27:30','2021-06-11 20:27:30'),(469,'基础数据结构','张新华','7552716788701',42.00,16,156,1,'images/category16/pic20.jpg','2021-06-11 20:27:30','2021-06-11 20:27:30'),(470,'OCA/OCP认证考试指南全册(第3版) Oracle Database 12c(1Z0-061，1Z0-062，1Z0-063)','[美]John Watson(OC','0157445220536',99.80,15,127,1,'images/category15/pic40.jpg','2021-06-11 20:27:30','2021-06-11 20:27:30'),(471,'中文版Activity Learning——从传感器数据中发现、识别和预测人的行为','[美] Diane J. Cook','8725768017078',59.00,8,205,1,'images/category8/pic23.jpg','2021-06-11 20:27:30','2021-06-11 20:27:30'),(472,'SQL Server数据库应用课堂实录','祝红涛、王伟平','7745531813302',69.00,10,124,1,'images/category10/pic16.jpg','2021-06-11 20:27:30','2021-06-11 20:27:30'),(473,'Oracle数据库应用课堂实录','程朝斌、张水波','6813638708585',79.00,7,101,1,'images/category7/pic18.jpg','2021-06-11 20:27:30','2021-06-11 20:27:30'),(474,'SPSS统计分析课堂实录','马晓玉、刘艳春','7565743644037',39.00,15,141,1,'images/category15/pic41.jpg','2021-06-11 20:27:30','2021-06-11 20:27:30'),(475,'Access 2013 数据库管理与应用从新手到高手','吴华 杨继萍 葛春雷','2362805818218',59.80,9,150,1,'images/category9/pic30.jpg','2021-06-11 20:27:30','2021-06-11 20:27:30'),(476,'MySQL 数据库应用案例课堂','刘玉红、郭广新','0111225567283',69.00,21,74,1,'images/category21/pic28.jpg','2021-06-11 20:27:30','2021-06-11 20:27:30'),(477,'数据库云平台理论与实践','马献章','5877437581375',79.00,10,130,1,'images/category10/pic17.jpg','2021-06-11 20:27:30','2021-06-11 20:27:30'),(478,'SQL Server 2012数据库应用案例课堂','刘玉红、郭广新','0681730424786',65.00,5,198,1,'images/category5/pic31.jpg','2021-06-11 20:27:30','2021-06-11 20:27:30'),(479,'Oracle数据库应用案例课堂','刘玉红、郭广新','7871472802346',58.00,18,142,1,'images/category18/pic22.jpg','2021-06-11 20:27:30','2021-06-11 20:27:30'),(480,'本体建模与语义Web知识发现','阎红灿','5624081042406',69.00,14,155,1,'images/category14/pic25.jpg','2021-06-11 20:27:30','2021-06-11 20:27:30'),(481,'Oracle PL/SQL性能调优诀窍与方法','[美] Michael Rosen','5206572538527',49.80,8,48,1,'images/category8/pic24.jpg','2021-06-11 20:27:30','2021-06-11 20:27:30'),(482,'首席数据官实战：重铸高管团队，充分利用最有价值资产','（美）Peter Aiken,','5064070761378',25.00,9,111,1,'images/category9/pic31.jpg','2021-06-11 20:27:30','2021-06-11 20:27:30'),(483,'Oracle Mobile Application Framework开发指南——构建多平台企业移动应用','[美] Luc Bors 著','0683787437728',59.80,20,39,1,'images/category20/pic19.jpg','2021-06-11 20:27:30','2021-06-11 20:27:30'),(484,'不确定性多目标优化的数据挖掘理论及应用','张志旺、高广霞、邹','6321614331028',39.00,3,155,1,'images/category3/pic21.jpg','2021-06-11 20:27:30','2021-06-11 20:27:30'),(485,'R编程入门经典——大数据时代的统计分析语言','[英 Mark Gardener','7417268716402',59.80,11,22,1,'images/category11/pic26.jpg','2021-06-11 20:27:30','2021-06-11 20:27:30'),(486,'SQL Server数据库开发自学经典','李俊民','5257754275557',49.00,19,69,1,'images/category19/pic20.jpg','2021-06-11 20:27:30','2021-06-11 20:27:30'),(487,'Oracle Database 12c PL/SQL开发指南（第7版）','[美] Michael McLau','0728814765004',138.00,12,68,1,'images/category12/pic25.jpg','2021-06-11 20:27:30','2021-06-11 20:27:30'),(488,'SQL Server 2014管理最佳实践(第3版)','[美]Adam Jorgensen','0607022770052',99.80,8,156,1,'images/category8/pic25.jpg','2021-06-11 20:27:30','2021-06-11 20:27:30'),(489,'OCA认证考试指南(1Z0-062):Oracle Database 12c 安装与管理','[美] John Watson','6705305257508',68.00,7,83,1,'images/category7/pic19.jpg','2021-06-11 20:27:30','2021-06-11 20:27:30'),(490,'Access 2013数据库应用基础教程','王秉宏','5153040660520',39.00,16,75,1,'images/category16/pic21.jpg','2021-06-11 20:27:30','2021-06-11 20:27:30'),(491,'Excel营销数据分析宝典——大数据时代下易用、超值的数据分析技术','[美]Wayne L. Winst','4828750828388',88.00,2,58,1,'images/category2/pic27.jpg','2021-06-11 20:27:30','2021-06-11 20:27:30'),(492,'OCA认证考试指南(1Z0-061):Oracle Database 12c SQL 基础','[加]Roopesh Ramkla','4655068555032',59.80,6,85,1,'images/category6/pic17.jpg','2021-06-11 20:27:30','2021-06-11 20:27:30'),(493,'名师讲坛——Oracle SQL入门与实战经典','何明 何茜颖','8866600537434',79.80,2,89,1,'images/category2/pic28.jpg','2021-06-11 20:27:30','2021-06-11 20:27:30'),(494,'名师讲坛——Oracle DBA入门与实战经典','何明 何茜颖','8787467832717',79.80,4,155,1,'images/category4/pic19.jpg','2021-06-11 20:27:30','2021-06-11 20:27:30'),(495,'海量数据分析前沿','美国国家学术院国家','4075030220835',39.00,13,153,1,'images/category13/pic20.jpg','2021-06-11 20:27:30','2021-06-11 20:27:30'),(496,'Oracle Database 12c完全参考手册（第7版）','[美]Bob Bryla,Kevi','4304344624815',128.00,11,76,1,'images/category11/pic27.jpg','2021-06-11 20:27:30','2021-06-11 20:27:30'),(497,'Access 2013 Web编程','[美] Teresa Hennig','2127612547434',99.80,10,110,1,'images/category10/pic18.jpg','2021-06-11 20:27:30','2021-06-11 20:27:30'),(498,'Oracle NoSQL数据库:实时大数据管理','[美]Maqsood Alam,','4687421726510',39.00,7,170,1,'images/category7/pic20.jpg','2021-06-11 20:27:30','2021-06-11 20:27:30'),(499,'MySQL数据库入门','传智播客高教产品研','4711712554050',40.00,10,195,1,'images/category10/pic19.jpg','2021-06-11 20:27:30','2021-06-11 20:27:30'),(500,'Hadoop权威指南（第3版）','Tom White 华东师','3558755284477',99.00,20,53,1,'images/category20/pic20.jpg','2021-06-11 20:27:30','2021-06-11 20:27:30'),(501,'中文版Access 2013宝典(第7版)','[美] Michael Alexa','0248878424735',128.00,2,192,1,'images/category2/pic29.jpg','2021-06-11 20:27:30','2021-06-11 20:27:30'),(502,'Oracle 11g入门与提高','刘俊强','6876082533846',58.00,7,46,1,'images/category7/pic21.jpg','2021-06-11 20:27:30','2021-06-11 20:27:30'),(503,'MySQL5 数据库应用入门与提高','侯振云、肖 进','0146127206561',65.00,13,121,1,'images/category13/pic21.jpg','2021-06-11 20:27:30','2021-06-11 20:27:30'),(504,'数据仓库工具箱(第3版)——维度建模权威指南','[美] Ralph Kimball','8862600108485',69.80,3,162,1,'images/category3/pic22.jpg','2021-06-11 20:27:30','2021-06-11 20:27:30'),(505,'Oracle大数据解决方案','[美] Tom Plunkett,','1538187341472',59.80,8,126,1,'images/category8/pic26.jpg','2021-06-11 20:27:30','2021-06-11 20:27:30'),(506,'PHP+MySQL动态网站开发案例课堂','刘玉红','6370802151458',55.00,9,121,1,'images/category9/pic32.jpg','2021-06-11 20:27:30','2021-06-11 20:27:30'),(507,'Android OpenCV应用程序设计','Joseph Howse 著 赵','8882100217360',29.00,9,75,1,'images/category9/pic33.jpg','2021-06-11 20:27:30','2021-06-11 20:27:30'),(508,'Java EE 7 & HTML5 应用开发——构建和部署同时支持桌面和移动设备的动态、高性能企业级应用','[美]John Brock , A','4833538036877',39.80,1,114,1,'images/category1/pic21.jpg','2021-06-11 20:27:31','2021-06-11 20:27:31'),(509,'感悟Oracle核心技术','罗敏','4658345075301',69.00,19,155,1,'images/category19/pic21.jpg','2021-06-11 20:27:31','2021-06-11 20:27:31'),(510,'MongoDB大数据处理权威指南（第2版）','[美] David Hows，E','1411016804173',49.80,16,37,1,'images/category16/pic22.jpg','2021-06-11 20:27:31','2021-06-11 20:27:31'),(511,'Java 8编程入门官方教程（第6版）','[美] Herbert Schil','6672268002531',69.80,4,86,1,'images/category4/pic20.jpg','2021-06-11 20:27:31','2021-06-11 20:27:31'),(512,'NoSQL数据库技术实战','皮雄军','4510741140522',69.00,11,148,1,'images/category11/pic28.jpg','2021-06-11 20:27:31','2021-06-11 20:27:31'),(513,'Oracle自学视频教程','软件开发技术联盟','0088447464317',69.80,18,68,1,'images/category18/pic23.jpg','2021-06-11 20:27:31','2021-06-11 20:27:31'),(514,'MySQL自学视频教程','软件开发技术联盟','2352470611544',69.80,21,135,1,'images/category21/pic29.jpg','2021-06-11 20:27:31','2021-06-11 20:27:31'),(515,'SQL Server自学视频教程','软件开发技术联盟','5452183605846',69.80,8,180,1,'images/category8/pic27.jpg','2021-06-11 20:27:31','2021-06-11 20:27:31'),(516,'Android数据库程序设计','（美）Jason Wei 王','2787782043431',49.00,21,170,1,'images/category21/pic30.jpg','2021-06-11 20:27:31','2021-06-11 20:27:31'),(517,'MariaDB入门很简单','黄缙华','8738223016101',69.80,4,182,1,'images/category4/pic21.jpg','2021-06-11 20:27:31','2021-06-11 20:27:31'),(518,'云构建与管理——使用Oracle Enterprise Manager 12c','Madhup Gulati, Ade','7725131515613',48.00,15,173,1,'images/category15/pic42.jpg','2021-06-11 20:27:31','2021-06-11 20:27:31'),(519,'专业级Oracle Database 12c安装、配置与维护','[美] Ian Abramson','7433347624242',59.80,17,162,1,'images/category17/pic21.jpg','2021-06-11 20:27:31','2021-06-11 20:27:31'),(520,'Access 2010数据库管理与应用从新手到高手','宋强 刘凌霞 等','4313112477436',59.00,13,185,1,'images/category13/pic22.jpg','2021-06-11 20:27:31','2021-06-11 20:27:31'),(521,'Oracle Solaris 11系统管理完全参考手册','[美] Michael Jang','2418133353713',78.00,15,123,1,'images/category15/pic43.jpg','2021-06-11 20:27:31','2021-06-11 20:27:31'),(522,'Oracle数据库应用与实践','方巍、文学志 等','8633147837281',59.00,8,114,1,'images/category8/pic28.jpg','2021-06-11 20:27:31','2021-06-11 20:27:31'),(523,'SPSS 数据统计与分析 从新手到高手','杨光霞 谢华 等','6656504804500',59.80,7,179,1,'images/category7/pic22.jpg','2021-06-11 20:27:31','2021-06-11 20:27:31'),(524,'SharePoint 2013开发入门经典（第3版）','[美] Steve Fox，Ch','5274878886744',59.80,1,53,1,'images/category1/pic22.jpg','2021-06-11 20:27:31','2021-06-11 20:27:31'),(525,'Web数据管理：概念与技术','孟小峰、刘伟、姜芳','6888254537835',69.00,4,171,1,'images/category4/pic22.jpg','2021-06-11 20:27:31','2021-06-11 20:27:31'),(526,'Access数据库基础与应用','黄崑 白雅楠 等','0402835528587',49.80,20,103,1,'images/category20/pic21.jpg','2021-06-11 20:27:31','2021-06-11 20:27:31'),(527,'SQL Server 2012王者归来——基础、安全、开发及性能优化','秦婧 等','1128673662885',99.80,3,55,1,'images/category3/pic23.jpg','2021-06-11 20:27:31','2021-06-11 20:27:31'),(528,'Oracle 11g SQL和PL/SQL编程指南','李伟、安永丽、胡雄','2504512576456',39.50,6,191,1,'images/category6/pic18.jpg','2021-06-11 20:27:31','2021-06-11 20:27:31'),(529,'深入解析Oracle Enterprise Manager Cloud Control 12c','[美]Michael New ,','3837581410477',79.80,10,29,1,'images/category10/pic20.jpg','2021-06-11 20:27:31','2021-06-11 20:27:31'),(530,'数据挖掘与机器学习——WEKA应用技术与实践','袁梅宇','3805763400853',52.80,3,121,1,'images/category3/pic24.jpg','2021-06-11 20:27:31','2021-06-11 20:27:31'),(531,'MySQL Workbench数据建模与开发','[美]Michael McLaug','5165460720348',58.00,21,56,1,'images/category21/pic31.jpg','2021-06-11 20:27:31','2021-06-11 20:27:31'),(532,'SQL Server 2008入门与提高','刘俊强','1388330231174',59.00,6,136,1,'images/category6/pic19.jpg','2021-06-11 20:27:31','2021-06-11 20:27:31'),(533,'Sybase IQ 实战指南','徐正君','0883375280376',48.00,10,157,1,'images/category10/pic21.jpg','2021-06-11 20:27:31','2021-06-11 20:27:31'),(534,'精通Oracle Database 12c SQL & PL/SQL编程（第3版）','[美]Jason Price 著','4576471213065',79.80,18,111,1,'images/category18/pic24.jpg','2021-06-11 20:27:31','2021-06-11 20:27:31'),(535,'名师讲坛——Oracle开发实战经典','李兴华 马云涛','7846441587170',89.80,8,153,1,'images/category8/pic29.jpg','2021-06-11 20:27:31','2021-06-11 20:27:31'),(536,'Oracle 11g  基础教程与实验指导','郝安林、康会光 等','0066158361450',59.00,6,61,1,'images/category6/pic20.jpg','2021-06-11 20:27:31','2021-06-11 20:27:31'),(537,'SPSS 数据统计与分析 标准教程','夏丽华 谢金玲 等','0773477644603',49.00,17,61,1,'images/category17/pic22.jpg','2021-06-11 20:27:31','2021-06-11 20:27:31'),(538,'SQL Server 2012宝典(第4版)','[美]Adam Jorgensen','5223330750867',128.00,12,43,1,'images/category12/pic26.jpg','2021-06-11 20:27:31','2021-06-11 20:27:31'),(539,'Oracle数据库管理从入门到精通','丁士锋 等','7018408614058',120.00,15,135,1,'images/category15/pic44.jpg','2021-06-11 20:27:31','2021-06-11 20:27:31'),(540,'Oracle 11g管理与应用实践教程','龚永罡','3444055230840',44.50,9,146,1,'images/category9/pic34.jpg','2021-06-11 20:27:31','2021-06-11 20:27:31'),(541,'SQL Server 2008 从基础到应用','祝红涛、王伟平','4407425312704',59.00,12,190,1,'images/category12/pic27.jpg','2021-06-11 20:27:31','2021-06-11 20:27:31'),(542,'Oracle 从基础到应用','程朝斌、张水波','6267083413774',59.00,4,158,1,'images/category4/pic23.jpg','2021-06-11 20:27:31','2021-06-11 20:27:31'),(543,'实战大数据','鲍亮、李倩','2831543606776',79.00,12,130,1,'images/category12/pic28.jpg','2021-06-11 20:27:31','2021-06-11 20:27:31'),(544,'Oracle Database 11gR2性能调整与优化','[美] Richard Niemi','3478136230651',128.00,20,73,1,'images/category20/pic22.jpg','2021-06-11 20:27:31','2021-06-11 20:27:31'),(545,'SQL Server 2012 Reporting Services高级教程（第2版）','Paul Turley, Rober','4761771254282',98.00,14,125,1,'images/category14/pic26.jpg','2021-06-11 20:27:31','2021-06-11 20:27:31'),(546,'Access 2010中文版入门与提高','相世强、李绍勇','1251824685670',55.00,7,45,1,'images/category7/pic23.jpg','2021-06-11 20:27:31','2021-06-11 20:27:31'),(547,'SQL Server基础与案例开发详解','李俊民 王国胜 张石磊','3828152424382',49.00,6,98,1,'images/category6/pic21.jpg','2021-06-11 20:27:31','2021-06-11 20:27:31'),(548,'ASP.NET 4.5数据库入门经典(第3版)','Sandeep Chanda，Da','5521746644172',48.00,13,178,1,'images/category13/pic23.jpg','2021-06-11 20:27:31','2021-06-11 20:27:31'),(549,'XML数据查询和检索技术( An Introduction to XML Query Processing and Keyword Search)','陆嘉恒(Jiaheng Lu)','6843457801527',99.00,6,185,1,'images/category6/pic22.jpg','2021-06-11 20:27:31','2021-06-11 20:27:31'),(550,'Oracle移动网络应用程序设计——基于Oracle Application Express','(美)Roel Hartman,C','5566853375711',49.00,10,32,1,'images/category10/pic22.jpg','2021-06-11 20:27:31','2021-06-11 20:27:31'),(551,'SQL Server入门很简单','秦婧 等','4363238738177',49.80,5,163,1,'images/category5/pic32.jpg','2021-06-11 20:27:31','2021-06-11 20:27:31'),(552,'Oracle云管理平台——企业管理器12c实战指南','饶冰、裴征峰、高文博','2400138827675',49.00,4,130,1,'images/category4/pic24.jpg','2021-06-11 20:27:31','2021-06-11 20:27:31'),(553,'SQL Server 2012 管理高级教程（第2版）','Adam Jorgensen，St','4742027276247',118.00,18,80,1,'images/category18/pic25.jpg','2021-06-11 20:27:31','2021-06-11 20:27:31'),(554,'DB2设计、管理与性能优化艺术','王飞鹏、李玉明、朱','2560887168254',79.00,17,191,1,'images/category17/pic23.jpg','2021-06-11 20:27:31','2021-06-11 20:27:31'),(555,'PHP+MySQL开发实战','软件开发技术联盟','0072503786622',89.80,4,83,1,'images/category4/pic25.jpg','2021-06-11 20:27:31','2021-06-11 20:27:31'),(556,'Oracle数据库管理与开发习题集（适用于OCP认证）','何明','0581173122481',26.00,2,46,1,'images/category2/pic30.jpg','2021-06-11 20:27:31','2021-06-11 20:27:31'),(557,'Oracle数据库管理与开发（适用于OCP认证）','何明','2408403453256',49.80,3,95,1,'images/category3/pic25.jpg','2021-06-11 20:27:31','2021-06-11 20:27:31'),(558,'C# 2012数据库编程入门经典（第5版）','Vidya Vrat Agarwal','0113384310681',49.80,21,61,1,'images/category21/pic32.jpg','2021-06-11 20:27:31','2021-06-11 20:27:31'),(559,'循序渐进DB2（第2版）——DBA系统管理、运维与应用案例','牛新庄','1881638535255',80.00,4,89,1,'images/category4/pic26.jpg','2021-06-11 20:27:31','2021-06-11 20:27:31'),(560,'SQL Server 2012 数据库设计与开发实务','陈会安','0551232213267',68.00,13,46,1,'images/category13/pic24.jpg','2021-06-11 20:27:31','2021-06-11 20:27:31'),(561,'零点起飞学SQL Server','岳付强、康莉 等','5177528022504',59.00,19,177,1,'images/category19/pic22.jpg','2021-06-11 20:27:31','2021-06-11 20:27:31'),(562,'零点起飞学Oracle','张朝明 等','8475566322751',49.80,21,135,1,'images/category21/pic33.jpg','2021-06-11 20:27:31','2021-06-11 20:27:31'),(563,'零点起飞学MySQL','秦婧、刘存勇 等','4280676820207',49.80,6,62,1,'images/category6/pic23.jpg','2021-06-11 20:27:31','2021-06-11 20:27:31'),(564,'DB2数据库性能调整和优化（第2版）','牛新庄 著','1860127008710',78.00,19,116,1,'images/category19/pic23.jpg','2021-06-11 20:27:31','2021-06-11 20:27:31'),(565,'高级进阶DB2（第2版）——内部结构、高级管理与问题诊断','牛新庄','1645431724372',68.00,12,172,1,'images/category12/pic29.jpg','2021-06-11 20:27:31','2021-06-11 20:27:31'),(566,'Oracle 11g网络大讲堂','王伟平、祝红涛 等','6628165765253',65.00,11,147,1,'images/category11/pic29.jpg','2021-06-11 20:27:31','2021-06-11 20:27:31'),(567,'Access 2010数据库应用基础教程','施兴家 王秉宏','7245565614664',35.00,17,37,1,'images/category17/pic24.jpg','2021-06-11 20:27:31','2021-06-11 20:27:31'),(568,'SQL Server 2012编程入门经典（第4版）','Paul Atkinson，Rob','5177503013157',89.00,17,116,1,'images/category17/pic25.jpg','2021-06-11 20:27:31','2021-06-11 20:27:31'),(569,'数据挖掘技术（第3版）——应用于市场营销、销售与客户关系管理','Gordon S. Linoff','7663501267426',79.80,20,105,1,'images/category20/pic23.jpg','2021-06-11 20:27:31','2021-06-11 20:27:31'),(570,'大话数据库','邹茂扬、田洪川','8584412483821',59.00,14,195,1,'images/category14/pic27.jpg','2021-06-11 20:27:31','2021-06-11 20:27:31'),(571,'Oracle Database 11g & MySQL 5.6开发手册','Michael McLaughlin','7301233422077',79.80,2,43,1,'images/category2/pic31.jpg','2021-06-11 20:27:31','2021-06-11 20:27:31'),(572,'IBM SPSS数据分析与挖掘实战案例精粹','张文彤、钟云飞','8103252804123',64.00,8,68,1,'images/category8/pic30.jpg','2021-06-11 20:27:31','2021-06-11 20:27:31'),(573,'三维空间数据建模','K.Heather Kennedy','5355072152740',59.00,13,171,1,'images/category13/pic25.jpg','2021-06-11 20:27:31','2021-06-11 20:27:31'),(574,'数据挖掘：概念、模型、方法和算法(第2版)','Mehmed Kantardzic','7076103223321',59.00,2,49,1,'images/category2/pic32.jpg','2021-06-11 20:27:31','2021-06-11 20:27:31'),(575,'Effective MySQL之SQL语句最优化','Ronald Bradford 著','0546710136866',29.00,8,105,1,'images/category8/pic31.jpg','2021-06-11 20:27:31','2021-06-11 20:27:31'),(576,'大话数据挖掘','西安美林电子有限责','4865840266838',39.00,1,187,1,'images/category1/pic23.jpg','2021-06-11 20:27:31','2021-06-11 20:27:31'),(577,'Oracle Fusion Middleware 11g架构与管理','Reza Shafii，Steph','6303158815426',50.00,16,172,1,'images/category16/pic23.jpg','2021-06-11 20:27:31','2021-06-11 20:27:31'),(578,'PHP+MySQL全能权威指南','张亚飞、高红霞','8422243202516',79.80,14,147,1,'images/category14/pic28.jpg','2021-06-11 20:27:31','2021-06-11 20:27:31'),(579,'SQL Server 从入门到精通','明日科技','3887021504574',59.80,15,191,1,'images/category15/pic45.jpg','2021-06-11 20:27:31','2021-06-11 20:27:31'),(580,'Oracle 从入门到精通','明日科技','4815340332255',59.80,12,99,1,'images/category12/pic30.jpg','2021-06-11 20:27:31','2021-06-11 20:27:31'),(581,'数据之魅：基于开源工具的数据分析','Philipp K.Janert著','7353438548183',89.00,12,148,1,'images/category12/pic31.jpg','2021-06-11 20:27:31','2021-06-11 20:27:31'),(582,'SPSS 19.0统计分析从入门到精通','时立文','8031067220762',59.00,19,70,1,'images/category19/pic24.jpg','2021-06-11 20:27:31','2021-06-11 20:27:31'),(583,'SQL实战新手入门','Alex Kriegel 著 施','0724247350547',58.00,2,105,1,'images/category2/pic33.jpg','2021-06-11 20:27:31','2021-06-11 20:27:31'),(584,'Oracle Database 11g R2高可用性：使用Grid Infrastructure、RAC和Data Guard最大限度提高可用性（第2版）','Scott Jesse,Bryan','5070405422620',59.00,10,128,1,'images/category10/pic23.jpg','2021-06-11 20:27:31','2021-06-11 20:27:31'),(585,'Oracle Database 11g RAC手册(第2版)','K Gopalakrishnan','3042705703248',69.00,1,124,1,'images/category1/pic24.jpg','2021-06-11 20:27:31','2021-06-11 20:27:31'),(586,'SPSS统计分析实用宝典','张红坡、张海锋 等','0620415263423',59.80,20,59,1,'images/category20/pic24.jpg','2021-06-11 20:27:31','2021-06-11 20:27:31'),(587,'Oracle PL/SQL从入门到精通','丁士锋 等','3806485450238',89.00,2,203,1,'images/category2/pic34.jpg','2021-06-11 20:27:31','2021-06-11 20:27:31'),(588,'技术挖掘与专利分析','Alan L. Porter、Sc','3667844760806',59.00,3,128,1,'images/category3/pic26.jpg','2021-06-11 20:27:31','2021-06-11 20:27:31'),(589,'Oracle管理之道','张天慧','4051718843447',98.00,4,204,1,'images/category4/pic27.jpg','2021-06-11 20:27:31','2021-06-11 20:27:31'),(590,'Microsoft数据仓库工具箱(第2版)——使用SQL Server 2008 R2和Microsoft BI工具集','Joy Mundy,Warren T','7213483025055',78.00,5,30,1,'images/category5/pic33.jpg','2021-06-11 20:27:31','2021-06-11 20:27:31'),(591,'Oracle XML DB应用开发:Oracle Database 11g','Jinyu Wang 著 叶斌','0656251430781',59.00,18,54,1,'images/category18/pic26.jpg','2021-06-11 20:27:31','2021-06-11 20:27:31'),(592,'Oracle VM实现与管理实战','Edward Whalen','6156865445747',50.00,20,82,1,'images/category20/pic25.jpg','2021-06-11 20:27:31','2021-06-11 20:27:31'),(593,'Oracle Streams 11g数据复制','Kirtikumar Deshpan','0372687420213',68.00,7,115,1,'images/category7/pic24.jpg','2021-06-11 20:27:31','2021-06-11 20:27:31'),(594,'SQL Server 2008  基础教程与实验指导','郝安林、康会光、牛','6422566134250',45.00,4,76,1,'images/category4/pic28.jpg','2021-06-11 20:27:31','2021-06-11 20:27:31'),(595,'ADO.NET 4从入门到精通','Tim Patrick','6160732038450',59.00,3,138,1,'images/category3/pic27.jpg','2021-06-11 20:27:31','2021-06-11 20:27:31'),(596,'深度挖掘：Oracle RAC数据库架构分析与实战攻略','张顺仕、高飞、沙波','0131307253783',69.00,11,89,1,'images/category11/pic30.jpg','2021-06-11 20:27:31','2021-06-11 20:27:31'),(597,'MySQL快速入门','潘凯华、李慧、刘欣','6740546872865',49.80,11,53,1,'images/category11/pic31.jpg','2021-06-11 20:27:31','2021-06-11 20:27:31'),(598,'Oracle DBA高效入职指南','蒙昭良','2860228578803',50.00,16,98,1,'images/category16/pic24.jpg','2021-06-11 20:27:31','2021-06-11 20:27:31'),(599,'SQL语言详解（第3版）','吴骅、王学昌','3665802370751',59.00,14,92,1,'images/category14/pic29.jpg','2021-06-11 20:27:31','2021-06-11 20:27:31'),(600,'Oracle WebLogic Server开发权威指南','Robert Patrick','5314446415331',80.00,19,200,1,'images/category19/pic25.jpg','2021-06-11 20:27:31','2021-06-11 20:27:31'),(601,'SQL Server 2008宝典','Paul Nielsen，马振晗','4123251763181',168.00,15,60,1,'images/category15/pic46.jpg','2021-06-11 20:27:31','2021-06-11 20:27:31'),(602,'Oracle安全实战——开发完全的数据库与中间件环境','','5008208627135',69.00,20,75,1,'images/category20/pic26.jpg','2021-06-11 20:27:31','2021-06-11 20:27:31'),(603,'Access2010数据库应用（第二版）','科教工作室','6585644465625',49.00,8,71,1,'images/category8/pic32.jpg','2021-06-11 20:27:31','2021-06-11 20:27:31'),(604,'品悟性能优化','罗敏','3773508587844',69.00,19,86,1,'images/category19/pic26.jpg','2021-06-11 20:27:31','2021-06-11 20:27:31'),(605,'SQL Server 2008从入门到精通','[美]Mike Hotek','6754664381687',59.00,8,25,1,'images/category8/pic33.jpg','2021-06-11 20:27:31','2021-06-11 20:27:31'),(606,'Oracle Database 11g RMAN备份与恢复','','4404463340576',78.00,12,80,1,'images/category12/pic32.jpg','2021-06-11 20:27:31','2021-06-11 20:27:31'),(607,'Oracle Database 11g PL/SQL编程实战','','8813246772332',58.00,4,44,1,'images/category4/pic29.jpg','2021-06-11 20:27:31','2021-06-11 20:27:31'),(608,'SQL Server 2008内核剖析与故障排除','','0323711025434',68.00,18,89,1,'images/category18/pic27.jpg','2021-06-11 20:27:31','2021-06-11 20:27:31'),(609,'Symbian SQL编程揭秘','杨小冬、彭明珍','1864806417130',59.00,5,177,1,'images/category5/pic34.jpg','2021-06-11 20:27:31','2021-06-11 20:27:31'),(610,'Oracle数据库进阶——高可用性、性能优化和备份恢复','林树泽、李渊','7833542405574',69.00,7,150,1,'images/category7/pic25.jpg','2021-06-11 20:27:31','2021-06-11 20:27:31'),(611,'中文版Access 2007数据库应用实用教程','冯先锋','0351870455761',30.00,17,188,1,'images/category17/pic26.jpg','2021-06-11 20:27:31','2021-06-11 20:27:31'),(612,'SQL Server 2008完全学习手册','郭郑州、陈军红','2153244837380',79.80,20,84,1,'images/category20/pic27.jpg','2021-06-11 20:27:31','2021-06-11 20:27:31'),(613,'Oracle完全学习手册','郭郑州、陈军红','0151041617312',79.50,11,74,1,'images/category11/pic32.jpg','2021-06-11 20:27:31','2021-06-11 20:27:31'),(614,'SQL Server数据库应用与开发网络大讲堂','李有军、郭郑州','3841573204771',79.00,2,22,1,'images/category2/pic35.jpg','2021-06-11 20:27:31','2021-06-11 20:27:31'),(615,'知识发现（第二版）','史忠植','7501330374230',59.00,17,42,1,'images/category17/pic27.jpg','2021-06-11 20:27:31','2021-06-11 20:27:31'),(616,'OCP/OCA认证考试指南全册：Oracle Database 11g（1Z0-051，1Z0-052，1Z0-053）','','4837523378575',99.80,21,42,1,'images/category21/pic34.jpg','2021-06-11 20:27:31','2021-06-11 20:27:31'),(617,'MySQL入门很简单','黄缙华','0312606413326',59.50,16,117,1,'images/category16/pic25.jpg','2021-06-11 20:27:31','2021-06-11 20:27:31'),(618,'Oracle入门很简单','张朝明','6827721700707',59.50,1,142,1,'images/category1/pic25.jpg','2021-06-11 20:27:31','2021-06-11 20:27:31'),(619,'物理数据库设计——索引、视图和存储技术','吴骅、王学昌','6135686622824',42.00,6,35,1,'images/category6/pic24.jpg','2021-06-11 20:27:31','2021-06-11 20:27:31'),(620,'Oracle管理艺术——顾问级DBA的思维锻炼与经验传承','申建忠','5780171118054',60.00,6,90,1,'images/category6/pic25.jpg','2021-06-11 20:27:31','2021-06-11 20:27:31'),(621,'SQL Server 2008分析服务从入门到精通','王净','4850155344022',47.00,8,19,1,'images/category8/pic34.jpg','2021-06-11 20:27:31','2021-06-11 20:27:31'),(622,'时态信息处理技术及应用（Temporal Information Processing Technology and Its Applications）','汤庸','3172620526060',110.00,18,146,1,'images/category18/pic28.jpg','2021-06-11 20:27:31','2021-06-11 20:27:31'),(623,'精通SQL Server 2008','','4085326433650',78.00,17,135,1,'images/category17/pic28.jpg','2021-06-11 20:27:31','2021-06-11 20:27:31'),(624,'ADO.NET 3.5高级编程——应用LINQ&Entity Framework','孟兆炜','5734347502362',79.00,13,11,1,'images/category13/pic26.jpg','2021-06-11 20:27:31','2021-06-11 20:27:31'),(625,'Oracle Database 11g完全参考手册','','5165652316207',158.00,7,194,1,'images/category7/pic26.jpg','2021-06-11 20:27:31','2021-06-11 20:27:31'),(626,'精通SQL Server 2008程序设计','贾洪峰','7034305853604',89.00,11,23,1,'images/category11/pic33.jpg','2021-06-11 20:27:31','2021-06-11 20:27:31'),(627,'SQL Server 2008数据库应用实用教程','闪四清','1854230223163',30.00,20,143,1,'images/category20/pic28.jpg','2021-06-11 20:27:31','2021-06-11 20:27:31'),(628,'Linux系统案例精解——存储、Oracle数据库、集群、性能优化、系统管理、网络配置','何世晓','7615602105660',59.00,17,23,1,'images/category17/pic29.jpg','2021-06-11 20:27:31','2021-06-11 20:27:31'),(629,'SQL Server 2008 DBA入门经典','','2255408155281',85.00,7,63,1,'images/category7/pic27.jpg','2021-06-11 20:27:31','2021-06-11 20:27:31'),(630,'SQL Server范例开发大全','李俊民、赵东','7872132455558',76.00,2,52,1,'images/category2/pic36.jpg','2021-06-11 20:27:31','2021-06-11 20:27:31'),(631,'Linux下的MySQL数据库编程','赵廷涛、刘冰','7456735810743',56.00,12,206,1,'images/category12/pic33.jpg','2021-06-11 20:27:31','2021-06-11 20:27:31'),(632,'Moving Objects Management：Models,Techniques and Applications（移动对象管理：模型、技术与应用）','孟小峰、陈继东','4586083353180',72.00,9,57,1,'images/category9/pic35.jpg','2021-06-11 20:27:31','2021-06-11 20:27:31'),(633,'Moving Objects Management：Models,Techniques and Applications（移动对象管理：模型、技术与应用）','孟小峰、陈继东','1672004671062',330.00,9,123,1,'images/category9/pic36.jpg','2021-06-11 20:27:31','2021-06-11 20:27:31'),(634,'SQL Server 2008高级程序设计','','2862716001272',98.00,8,49,1,'images/category8/pic35.jpg','2021-06-11 20:27:31','2021-06-11 20:27:31'),(635,'Reduct理论','韩素青、赵岷','6638131611860',48.00,5,67,1,'images/category5/pic35.jpg','2021-06-11 20:27:31','2021-06-11 20:27:31'),(636,'SQL Server 2008管理专家指南','','0045152231381',99.00,17,104,1,'images/category17/pic30.jpg','2021-06-11 20:27:31','2021-06-11 20:27:31'),(637,'OCP认证考试指南（1Z0-053）：Oracle Database 11g Administration II','','2585445341026',68.00,20,96,1,'images/category20/pic29.jpg','2021-06-11 20:27:31','2021-06-11 20:27:31'),(638,'数据访问宝典——实现最优性能及可伸缩性的数据库应用程序','王德才译','1585082251233',39.00,14,129,1,'images/category14/pic30.jpg','2021-06-11 20:27:31','2021-06-11 20:27:31'),(639,'SQL Server 2008报表服务从入门到精通','[美]Stacia Misner','7313226116360',59.00,20,67,1,'images/category20/pic30.jpg','2021-06-11 20:27:31','2021-06-11 20:27:31'),(640,'SQL Server 2008编程入门经典（第3版）','孙皓','7367635377732',69.80,19,20,1,'images/category19/pic27.jpg','2021-06-11 20:27:31','2021-06-11 20:27:31'),(641,'Oracle Database 11g初学者指南','','4234051114205',39.00,5,91,1,'images/category5/pic36.jpg','2021-06-11 20:27:31','2021-06-11 20:27:31'),(642,'数据库设计解决方案入门经典','王海涛','1112601165653',58.00,17,113,1,'images/category17/pic31.jpg','2021-06-11 20:27:31','2021-06-11 20:27:31'),(643,'PowerDesigner系统分析与建模（第2版）','赵韶平','0443173728762',36.00,19,160,1,'images/category19/pic28.jpg','2021-06-11 20:27:31','2021-06-11 20:27:31'),(644,'T-SQL技术开发实用大全——基于SQL Server 2005/2008','蒙祖强','4176264055074',69.00,14,54,1,'images/category14/pic31.jpg','2021-06-11 20:27:31','2021-06-11 20:27:31'),(645,'SQL Server数据库配置与管理指南','强锋科技、刘奎','6754487256448',52.80,9,185,1,'images/category9/pic37.jpg','2021-06-11 20:27:31','2021-06-11 20:27:31'),(646,'My SQL核心内幕','祝定泽、张海、黄健昌','5488757528135',56.00,11,184,1,'images/category11/pic34.jpg','2021-06-11 20:27:31','2021-06-11 20:27:31'),(647,'Oracle SQL培训教程——从实践中学习Oracle SQL及Web快速应用开发','何明','0462235780127',69.80,19,150,1,'images/category19/pic29.jpg','2021-06-11 20:27:31','2021-06-11 20:27:31'),(648,'Oracle快速Web应用开发——从实践中学习Oracle Application Express','何明','6115380537851',39.80,3,105,1,'images/category3/pic28.jpg','2021-06-11 20:27:31','2021-06-11 20:27:31'),(649,'OCA认证考试指南（IZ0-051）：Oracle Database 11g SQL Fundamentals I','付勇','6084324485034',50.00,12,11,1,'images/category12/pic34.jpg','2021-06-11 20:27:31','2021-06-11 20:27:31'),(650,'XML数据管理：概念与技术','孟小峰','7520483353857',39.00,7,63,1,'images/category7/pic28.jpg','2021-06-11 20:27:31','2021-06-11 20:27:31'),(651,'SQL Server 2005从入门到实践','岳付强、罗明英、韩德','1518105485314',59.80,3,18,1,'images/category3/pic29.jpg','2021-06-11 20:27:31','2021-06-11 20:27:31'),(652,'T-SQL编程入门经典（涵盖SQL Server 2008&2005）','吴伟平','5633270133755',69.80,17,149,1,'images/category17/pic32.jpg','2021-06-11 20:27:31','2021-06-11 20:27:31'),(653,'程序员突击——MySQL原理与Web系统开发','吴吉义','3600635047633',39.80,6,124,1,'images/category6/pic26.jpg','2021-06-11 20:27:31','2021-06-11 20:27:31'),(654,'SQL实用教程（第3版）','黄开枝、杨继萍、马','0030510064501',39.80,12,160,1,'images/category12/pic35.jpg','2021-06-11 20:27:31','2021-06-11 20:27:31'),(655,'ASP.NET 3.5+SQL Server网站模块化开发全程实录','朱印宏','2762582756015',59.80,4,75,1,'images/category4/pic30.jpg','2021-06-11 20:27:31','2021-06-11 20:27:31'),(656,'Oracle DBA培训教程——从实践中学习Oracle数据库管理与维护（第2版）','何明','6542700323771',69.80,3,192,1,'images/category3/pic30.jpg','2021-06-11 20:27:31','2021-06-11 20:27:31'),(657,'循序渐进DB2——DBA系统管理、运维与应用案例','牛新庄','6828567645271',80.00,2,15,1,'images/category2/pic37.jpg','2021-06-11 20:27:31','2021-06-11 20:27:31'),(658,'面向决策的Excel高级数据处理','王兴德','2684636303806',59.80,2,129,1,'images/category2/pic38.jpg','2021-06-11 20:27:31','2021-06-11 20:27:31'),(659,'深入解析DB2——高级管理、内部体系结构与诊断案例','牛新庄','4426031562646',60.00,7,107,1,'images/category7/pic29.jpg','2021-06-11 20:27:31','2021-06-11 20:27:31'),(660,'SQL Server 2005性能调优','齐宁','2743163110214',68.00,18,85,1,'images/category18/pic29.jpg','2021-06-11 20:27:31','2021-06-11 20:27:31'),(661,'中文版Access 2003数据库应用实用教程','杨涛','3262872384628',30.00,13,171,1,'images/category13/pic27.jpg','2021-06-11 20:27:31','2021-06-11 20:27:31'),(662,'Oracle 11g中文版数据库管理、应用与开发标准教程 ','许勇、郭磊、景丽','3357205670103',43.00,19,23,1,'images/category19/pic30.jpg','2021-06-11 20:27:31','2021-06-11 20:27:31'),(663,'SQL Server数据库技术大全','曾毅','2822320011325',76.00,2,13,1,'images/category2/pic39.jpg','2021-06-11 20:27:31','2021-06-11 20:27:31'),(664,'DB2数据库性能调整和优化','牛新庄','4173175855717',68.00,2,127,1,'images/category2/pic40.jpg','2021-06-11 20:27:31','2021-06-11 20:27:31'),(665,'LINQ高级编程','李宝','8073601140844',48.00,8,129,1,'images/category8/pic36.jpg','2021-06-11 20:27:31','2021-06-11 20:27:31'),(666,'OCA认证考试指南（IZO-052）:Oracle Database 11g Administration I','王跃利、韩宏志','6636210662348',68.00,21,13,1,'images/category21/pic35.jpg','2021-06-11 20:27:31','2021-06-11 20:27:31'),(667,'Oracle Database 11g PL/SQL程序设计','张云','2563077526708',98.00,15,166,1,'images/category15/pic47.jpg','2021-06-11 20:27:31','2021-06-11 20:27:31'),(668,'数据重现——文件系统原理精解与数据恢复最佳实践','马林','5685636757612',69.00,21,108,1,'images/category21/pic36.jpg','2021-06-11 20:27:31','2021-06-11 20:27:31'),(669,'SQL Server 2005应用开发技术与典型实例','杭志、黄斌、王付林','7225408115641',56.00,13,162,1,'images/category13/pic28.jpg','2021-06-11 20:27:31','2021-06-11 20:27:31'),(670,'C# 2008数据库入门经典（第4版）','沈洁','3820843375078',48.00,19,60,1,'images/category19/pic31.jpg','2021-06-11 20:27:31','2021-06-11 20:27:31'),(671,'精通Hibernate——Java数据库持久层开发核心编程','黄佩虹','4675081006314',65.00,8,133,1,'images/category8/pic37.jpg','2021-06-11 20:27:31','2021-06-11 20:27:31'),(672,'数据库应用课程设计案例精编','王长松、秦琴、余健','6142168347723',39.00,7,124,1,'images/category7/pic30.jpg','2021-06-11 20:27:31','2021-06-11 20:27:31'),(673,'Ajax+PHP+Oracle数据库Web开发','赵利通','4878242741042',58.00,21,91,1,'images/category21/pic37.jpg','2021-06-11 20:27:31','2021-06-11 20:27:31'),(674,'SQL Server 2008中文版标准教程','康会光、马海军、李','3378506047532',39.80,9,42,1,'images/category9/pic38.jpg','2021-06-11 20:27:31','2021-06-11 20:27:31'),(675,'Visual FoxPro数据库应用与开发基础教程与实验指导（从基础到应用）','郝安林、康会光、牛','2005405361601',39.00,8,156,1,'images/category8/pic38.jpg','2021-06-11 20:27:31','2021-06-11 20:27:31'),(676,'SQL Server 2008管理员必备指南','贾洪峰','2612536727025',69.00,16,200,1,'images/category16/pic26.jpg','2021-06-11 20:27:31','2021-06-11 20:27:31'),(677,'Access 2007数据库管理','黎文锋、王大勇、谢','1703582677220',38.00,3,114,1,'images/category3/pic31.jpg','2021-06-11 20:27:31','2021-06-11 20:27:31'),(678,'移动数据管理：概念与技术','孟小峰、丁治明','5514683713343',45.00,2,197,1,'images/category2/pic41.jpg','2021-06-11 20:27:31','2021-06-11 20:27:31'),(679,'Oracle Database 10g性能调整与优化','薛莹','6865567340670',118.00,7,190,1,'images/category7/pic31.jpg','2021-06-11 20:27:31','2021-06-11 20:27:31'),(680,'Oracle Database 11g DBA手册','刘伟琴','3643050704471',78.00,8,117,1,'images/category8/pic39.jpg','2021-06-11 20:27:31','2021-06-11 20:27:31'),(681,'Oracle 10g SQL和PL/SQL编程指南','杨忠民、蒋新民、晁阳','1812624713353',35.00,4,88,1,'images/category4/pic31.jpg','2021-06-11 20:27:31','2021-06-11 20:27:31'),(682,'SQL技术与网络数据库开发详解','强锋科技、斯琴巴图','1007530474264',46.80,17,191,1,'images/category17/pic33.jpg','2021-06-11 20:27:31','2021-06-11 20:27:31'),(683,'Access数据库系统应用与开发标准教程','王俊伟、孙膺、郭磊','4814755821578',39.00,16,193,1,'images/category16/pic27.jpg','2021-06-11 20:27:31','2021-06-11 20:27:31'),(684,'Access 2007数据库开发全书','王樵民','6787858832575',99.00,18,129,1,'images/category18/pic30.jpg','2021-06-11 20:27:31','2021-06-11 20:27:31'),(685,'Access 2007数据库应用与开发从新手到高手','杨继萍、孙岩、梁文新','4322231632803',39.80,20,174,1,'images/category20/pic31.jpg','2021-06-11 20:27:31','2021-06-11 20:27:31'),(686,'Oracle Database 11g SQL开发指南','史新元','3423227506381',78.00,12,25,1,'images/category12/pic36.jpg','2021-06-11 20:27:31','2021-06-11 20:27:31'),(687,'SQL Server 2005基础教程与实验指导（从基础到应用）','郝安林、许勇、康会','2707847261714',39.80,13,107,1,'images/category13/pic29.jpg','2021-06-11 20:27:31','2021-06-11 20:27:31'),(688,'Access 2007数据库程序设计基础与上机指导','许礼、伍曦、吴晓华等','0527848855756',38.00,14,130,1,'images/category14/pic32.jpg','2021-06-11 20:27:31','2021-06-11 20:27:31'),(689,'SQL Server 2005 Integration Services专家教程','','2022042744356',48.00,13,42,1,'images/category13/pic30.jpg','2021-06-11 20:27:31','2021-06-11 20:27:31'),(690,'Visual Studio与SQL Server开发指南——最优架构与实例（第7版）','沈洁','7272443226312',89.00,15,153,1,'images/category15/pic48.jpg','2021-06-11 20:27:31','2021-06-11 20:27:31'),(691,'MDX解决方案（第2版）','','5706562307658',78.00,3,159,1,'images/category3/pic32.jpg','2021-06-11 20:27:31','2021-06-11 20:27:31'),(692,'Oracle SQL Developer编程手册','','5061484350831',29.80,17,132,1,'images/category17/pic34.jpg','2021-06-11 20:27:31','2021-06-11 20:27:31'),(693,'SQL Server 2005课程设计案例精编','张智强、孙福兆、余','0323225086421',42.00,2,25,1,'images/category2/pic42.jpg','2021-06-11 20:27:31','2021-06-11 20:27:31'),(694,'Visual FoxPro课程设计案例精编','詹斌等','4768418386011',46.00,5,22,1,'images/category5/pic37.jpg','2021-06-11 20:27:31','2021-06-11 20:27:31'),(695,'SQL Server 2005数据库管理入门经典','','7684017143300',59.80,12,183,1,'images/category12/pic37.jpg','2021-06-11 20:27:31','2021-06-11 20:27:31'),(696,'ASP.NET+SQL Server商务系统开发与典型实例','郑萌','7723428867401',49.80,9,33,1,'images/category9/pic39.jpg','2021-06-11 20:27:31','2021-06-11 20:27:31'),(697,'SQL Hacks：100个业界最尖端的技巧和工具','','0203420076631',49.00,13,116,1,'images/category13/pic31.jpg','2021-06-11 20:27:31','2021-06-11 20:27:31'),(698,'ASP.NET 2.0+SQL Server 2005数据库开发与实例','吴晨','7207265550860',55.00,18,56,1,'images/category18/pic31.jpg','2021-06-11 20:27:31','2021-06-11 20:27:31'),(699,'Visual Basic 2005+SQL Server 2005数据库开发与实例','臧洪光、苏鹏','4075507377707',49.80,2,24,1,'images/category2/pic43.jpg','2021-06-11 20:27:31','2021-06-11 20:27:31'),(700,'Visual C#2005+SQL Server 2005数据库开发与实例','王永皎','8288442337461',54.00,2,168,1,'images/category2/pic44.jpg','2021-06-11 20:27:31','2021-06-11 20:27:31'),(701,'ASP+SQL Server数据库开发与实例','周兴华','3522715743478',49.80,20,29,1,'images/category20/pic32.jpg','2021-06-11 20:27:31','2021-06-11 20:27:31'),(702,'Access Cookbook中文版：数据分析详解','','3646125335206',49.00,3,19,1,'images/category3/pic33.jpg','2021-06-11 20:27:31','2021-06-11 20:27:31'),(703,'Microsoft SQL Server 2005 Reporting Services专家教程','薛莹、董梁','5656615805083',79.80,1,155,1,'images/category1/pic26.jpg','2021-06-11 20:27:31','2021-06-11 20:27:31'),(704,'Microsoft SQL Server 2005 T-SQL &.NET高级编程（第3版）','曹俊','2540321103027',78.00,6,16,1,'images/category6/pic27.jpg','2021-06-11 20:27:31','2021-06-11 20:27:31'),(705,'SQL Server 2005报表服务从入门到精通','胡志伟、王路斌','4703506724528',58.00,1,24,1,'images/category1/pic27.jpg','2021-06-11 20:27:31','2021-06-11 20:27:31'),(706,'SQL Server 2005数据库企业级应用','周涛、吕伟臣、廉颖','5006262034048',49.00,10,154,1,'images/category10/pic24.jpg','2021-06-11 20:27:31','2021-06-11 20:27:31'),(707,'Microsoft SQL Server 2005商业智能实现','陈曙光','5674717175173',79.80,8,200,1,'images/category8/pic40.jpg','2021-06-11 20:27:31','2021-06-11 20:27:31'),(708,'Oracle Discoverer 10g手册——创建、维护和管理高效的即席查询','徐璐','7780018016101',118.00,1,203,1,'images/category1/pic28.jpg','2021-06-11 20:27:31','2021-06-11 20:27:31'),(709,'Oracle Database 10gRMAN备份与恢复','汪玲玲','2125680763068',68.00,13,12,1,'images/category13/pic32.jpg','2021-06-11 20:27:31','2021-06-11 20:27:31'),(710,'Microsoft SQL Server 2005完全参考手册','韩宏志','3758500060261',69.80,5,173,1,'images/category5/pic38.jpg','2021-06-11 20:27:31','2021-06-11 20:27:31'),(711,'SQL Server 2005+PowerBuilder 11高级开发指南','陈永强、李茜、谢一等','3378863820865',53.00,8,90,1,'images/category8/pic41.jpg','2021-06-11 20:27:31','2021-06-11 20:27:31'),(712,'数据库原理与应用——基于Access 2003','李春葆','7524761212516',33.00,13,53,1,'images/category13/pic33.jpg','2021-06-11 20:27:31','2021-06-11 20:27:31'),(713,'SQL Server 2005 Web应用开发','陈永强、张志强、段','1453683461145',45.00,2,177,1,'images/category2/pic45.jpg','2021-06-11 20:27:31','2021-06-11 20:27:31'),(714,'SQL Server 2005实例精讲','谢维成、苏长明、段','0634334355808',54.00,13,189,1,'images/category13/pic34.jpg','2021-06-11 20:27:31','2021-06-11 20:27:31'),(715,'SQL Server 2005 XML应用开发','谢维成、段林涛、张','3707136740320',49.50,7,103,1,'images/category7/pic32.jpg','2021-06-11 20:27:31','2021-06-11 20:27:31'),(716,'SQL Server 2005编程基础','陈克力、谢维成、李','8303432775767',34.00,4,125,1,'images/category4/pic32.jpg','2021-06-11 20:27:31','2021-06-11 20:27:31'),(717,'Access 2007数据库应用','科教工作室','4836230635821',43.00,21,26,1,'images/category21/pic38.jpg','2021-06-11 20:27:31','2021-06-11 20:27:31'),(718,'SQL Server数据库应用教程','九洲书源、柴晟、刘','7447670846202',29.80,7,45,1,'images/category7/pic33.jpg','2021-06-11 20:27:31','2021-06-11 20:27:31'),(719,'SQL Server 2005数据库管理高级教程','周涛、吕伟臣、王媛红','8478864421648',49.00,4,191,1,'images/category4/pic33.jpg','2021-06-11 20:27:31','2021-06-11 20:27:31'),(720,'SQL Server 2005数据库基础应用','周涛、吕伟臣、夏永和','2274167762107',39.00,11,177,1,'images/category11/pic35.jpg','2021-06-11 20:27:31','2021-06-11 20:27:31'),(721,'SQL Server 2005中文版标准教程','康会光、王俊伟、张','4021532217584',39.00,3,130,1,'images/category3/pic34.jpg','2021-06-11 20:27:31','2021-06-11 20:27:31'),(722,'Oracle 10g数据库管理、应用与开发标准教程','马晓玉、孙岩、孙江','3061278823637',39.80,13,16,1,'images/category13/pic35.jpg','2021-06-11 20:27:31','2021-06-11 20:27:31'),(723,'Oracle数据库攻防之道','虎子','4584205210027',29.80,7,42,1,'images/category7/pic34.jpg','2021-06-11 20:27:31','2021-06-11 20:27:31'),(724,'SQL Server 2005分析服务从入门到精通','顾小波','3105484445114',39.00,13,107,1,'images/category13/pic36.jpg','2021-06-11 20:27:31','2021-06-11 20:27:31'),(725,'精通SQL Server 2005程序设计','贾洪峰','8133076228075',86.00,21,40,1,'images/category21/pic39.jpg','2021-06-11 20:27:31','2021-06-11 20:27:31'),(726,'SQL Server 2005实现与维护（MCTS教程）','施平安','6803511313313',79.00,12,199,1,'images/category12/pic38.jpg','2021-06-11 20:27:31','2021-06-11 20:27:31'),(727,'Access 2003范例导航','张俊岭','7633413110440',36.00,6,92,1,'images/category6/pic28.jpg','2021-06-11 20:27:31','2021-06-11 20:27:31'),(728,'SQL Cookbook中文版','王强','6318628374805',65.00,3,15,1,'images/category3/pic35.jpg','2021-06-11 20:27:31','2021-06-11 20:27:31'),(729,'SQL Server 2005数据库服务器架构设计','徐尚悦等','7466701882546',59.80,14,76,1,'images/category14/pic33.jpg','2021-06-11 20:27:31','2021-06-11 20:27:31'),(730,'Oracle 10g数据库系统教程与上机指导','刘绪崇、文龙、张自','0333860432625',32.00,20,106,1,'images/category20/pic33.jpg','2021-06-11 20:27:31','2021-06-11 20:27:31'),(731,'Oracle DBA数据库系统管理与应用','张晓林','2078181411132',56.00,15,59,1,'images/category15/pic49.jpg','2021-06-11 20:27:31','2021-06-11 20:27:31'),(732,'基于成本的Oracle优化法则','张飞','7541156378723',58.00,20,44,1,'images/category20/pic34.jpg','2021-06-11 20:27:31','2021-06-11 20:27:31'),(733,'SQL Server 2005中文版基础教程','黄开枝、康会光、于','0383035386154',59.80,12,81,1,'images/category12/pic39.jpg','2021-06-11 20:27:31','2021-06-11 20:27:31'),(734,'数据库应用系统开发教程与上机指导','杭志、任小慧','1414363244422',38.00,3,139,1,'images/category3/pic36.jpg','2021-06-11 20:27:31','2021-06-11 20:27:31'),(735,'中文版Access 2007实用教程','杨涛','5355507386240',29.00,18,20,1,'images/category18/pic32.jpg','2021-06-11 20:27:31','2021-06-11 20:27:31'),(736,'SQL Server 2005数据库管理与开发从入门到精通','袁永林、宁义、汪海','3018286651188',86.00,17,73,1,'images/category17/pic35.jpg','2021-06-11 20:27:31','2021-06-11 20:27:31'),(737,'Oracle高级编程','孙杨、任鸿','2081788385141',69.90,2,163,1,'images/category2/pic46.jpg','2021-06-11 20:27:31','2021-06-11 20:27:31'),(738,'SQL Server 2005数据库原理与应用简明教程','李维杰、孙乾君','8288201642676',29.00,8,152,1,'images/category8/pic42.jpg','2021-06-11 20:27:31','2021-06-11 20:27:31'),(739,'Oracle DBA日常管理','孙杨','7005164508414',36.00,3,147,1,'images/category3/pic37.jpg','2021-06-11 20:27:31','2021-06-11 20:27:31'),(740,'PowerBuilder编程技术全接触','陈永强、谢维成','5528832735444',43.00,8,119,1,'images/category8/pic43.jpg','2021-06-11 20:27:31','2021-06-11 20:27:31'),(741,'边用边学SQL Server','苏俊','8668814657754',35.00,15,208,1,'images/category15/pic50.jpg','2021-06-11 20:27:31','2021-06-11 20:27:31'),(742,'OCP认证考试指南全册Oracle Database 10g','蔡建、梁志敏','1152830707872',88.00,15,192,1,'images/category15/pic51.jpg','2021-06-11 20:27:31','2021-06-11 20:27:31'),(743,'Microsoft SQL Server 2005初学者指南','冯飞','7050886011866',68.80,17,130,1,'images/category17/pic36.jpg','2021-06-11 20:27:31','2021-06-11 20:27:31'),(744,'SQL Server 2005编程入门经典（第2版）','叶寒、管贤平','3410562683547',69.90,19,98,1,'images/category19/pic32.jpg','2021-06-11 20:27:31','2021-06-11 20:27:31'),(745,'SQL Server 2005管理员必备指南','褚四斌','2367072062225',53.00,6,185,1,'images/category6/pic29.jpg','2021-06-11 20:27:31','2021-06-11 20:27:31'),(746,'中文版Access 2003实用教程','杨涛','1355738588413',29.00,4,130,1,'images/category4/pic34.jpg','2021-06-11 20:27:31','2021-06-11 20:27:31'),(747,'数据库设计入门经典','沈洁、王洪波、赵恒','3143481262032',46.00,20,174,1,'images/category20/pic35.jpg','2021-06-11 20:27:31','2021-06-11 20:27:31'),(748,'SQL Server 2005中文版入门与提高','文龙、张自辉、胡开胜','2146516273810',34.00,17,26,1,'images/category17/pic37.jpg','2021-06-11 20:27:31','2021-06-11 20:27:31'),(749,'数据结构课程设计案例精编（用C/C++描述）','李建学、余健','0035028264676',45.00,14,15,1,'images/category14/pic34.jpg','2021-06-11 20:27:31','2021-06-11 20:27:31'),(750,'SQL Server 2005从入门到精通（数据库基础）','文瑞','8051832774852',35.00,4,179,1,'images/category4/pic35.jpg','2021-06-11 20:27:31','2021-06-11 20:27:31'),(751,'Access数据库应用教程','九洲书源、刘凡馨','6685031457403',33.00,11,174,1,'images/category11/pic36.jpg','2021-06-11 20:27:31','2021-06-11 20:27:31'),(752,'SQL Server 2005开发者指南','何玉洁、顾小波','7252131101850',78.00,1,140,1,'images/category1/pic29.jpg','2021-06-11 20:27:31','2021-06-11 20:27:31'),(753,'基于Linux平台的Oracle Database 10g管理','陈曙晖','3810503810261',48.00,12,16,1,'images/category12/pic40.jpg','2021-06-11 20:27:31','2021-06-11 20:27:31'),(754,'Microsoft SQL Server 2005开发指南','高猛','7815820721206',49.90,18,190,1,'images/category18/pic33.jpg','2021-06-11 20:27:31','2021-06-11 20:27:31'),(755,'Oracle PL/SQL 专家指南——高级PL/SQL解决方案的设计与开发','孙杨','0118280633620',48.00,14,165,1,'images/category14/pic35.jpg','2021-06-11 20:27:31','2021-06-11 20:27:31'),(756,'SQL Server 2005 报表服务高级编程','谢文亮','3402123232681',72.00,17,99,1,'images/category17/pic38.jpg','2021-06-11 20:27:31','2021-06-11 20:27:31'),(757,'SQL Server 2005 集成服务高级编程','杨战伟','0737207230221',69.00,15,97,1,'images/category15/pic52.jpg','2021-06-11 20:27:31','2021-06-11 20:27:31'),(758,'SQL Server 2005 Transact-SQL 编程入门经典','刘颖','4850147068747',59.00,8,91,1,'images/category8/pic44.jpg','2021-06-11 20:27:31','2021-06-11 20:27:31'),(759,'SQL Server 2005 XML高级编程','王馨','1142024302535',59.00,8,94,1,'images/category8/pic45.jpg','2021-06-11 20:27:31','2021-06-11 20:27:31'),(760,'SQL Server 2005 Oracle 与MySQL基于ADO.NET 2的高级编程','张丽萍','8120858057714',69.00,7,43,1,'images/category7/pic35.jpg','2021-06-11 20:27:31','2021-06-11 20:27:31'),(761,'Oracle Database 10g DBA手册——管理健壮的、可扩展的、高可用的Oracle数据库','朱浩梅','3847378345634',68.00,5,11,1,'images/category5/pic39.jpg','2021-06-11 20:27:31','2021-06-11 20:27:31'),(762,'Visual FoxPro 程序设计基础','符亚军','8772731027402',33.00,14,18,1,'images/category14/pic36.jpg','2021-06-11 20:27:31','2021-06-11 20:27:31'),(763,'Oracle Database 10g完全参考手册','张立浩','0533440362876',138.00,1,197,1,'images/category1/pic30.jpg','2021-06-11 20:27:31','2021-06-11 20:27:31'),(764,'SQL Server 2005从入门到精通（应用技术基础）','王为','7806451821010',34.00,8,185,1,'images/category8/pic46.jpg','2021-06-11 20:27:31','2021-06-11 20:27:31'),(765,'数据库应用基础——Access 2003中文版','丛书编委会','4854612124482',32.80,4,152,1,'images/category4/pic36.jpg','2021-06-11 20:27:31','2021-06-11 20:27:31'),(766,'数据库原理习题与解析（第3版）','李春葆','1846528073305',25.00,1,103,1,'images/category1/pic31.jpg','2021-06-11 20:27:31','2021-06-11 20:27:31'),(767,'Oracle 10g简明教程','王彬','5580002057781',34.00,21,33,1,'images/category21/pic40.jpg','2021-06-11 20:27:31','2021-06-11 20:27:31'),(768,'SQL Server 2005实用教程','王征、李家兴','3446671700346',29.00,12,22,1,'images/category12/pic41.jpg','2021-06-11 20:27:31','2021-06-11 20:27:31'),(769,'PowerBuilder10.0实用教程','崔巍','1450104034372',34.00,8,36,1,'images/category8/pic47.jpg','2021-06-11 20:27:31','2021-06-11 20:27:31'),(770,'Access数据库技术与应用简明教程','陈笑','8443786731776',25.00,8,117,1,'images/category8/pic48.jpg','2021-06-11 20:27:31','2021-06-11 20:27:31'),(771,'Visual C#+SQL Server数据库开发与实例','李律松','8288720813110',48.00,18,198,1,'images/category18/pic34.jpg','2021-06-11 20:27:31','2021-06-11 20:27:31'),(772,'ERP系统规划与典型案例——利用Access 2003开发中小型ERP系统','孙惠民','6866122616221',36.00,19,115,1,'images/category19/pic33.jpg','2021-06-11 20:27:31','2021-06-11 20:27:31'),(773,'Visual C++ +SQL Server数据库开发与实例','李涛等','5310455332676',48.00,13,150,1,'images/category13/pic37.jpg','2021-06-11 20:27:31','2021-06-11 20:27:31'),(774,'ASP+Access数据库开发与实例','周兴华','6208017673111',48.00,20,61,1,'images/category20/pic36.jpg','2021-06-11 20:27:31','2021-06-11 20:27:31'),(775,'ASP.NET+SQL Server数据库开发与实例','吴晨','6508166145313',48.00,19,149,1,'images/category19/pic34.jpg','2021-06-11 20:27:31','2021-06-11 20:27:31'),(776,'Visual Basic+Access数据库开发与实例','刘文涛','6771682884474',48.00,16,124,1,'images/category16/pic28.jpg','2021-06-11 20:27:31','2021-06-11 20:27:31'),(777,'SQL实用教程','冯博','8525456601501',29.00,6,126,1,'images/category6/pic30.jpg','2021-06-11 20:27:31','2021-06-11 20:27:31'),(778,'ORACLE DBA 基础培训教程——从实践中学习Oracle DBA（配光盘）','何明','4272686322734',32.00,12,134,1,'images/category12/pic42.jpg','2021-06-11 20:27:31','2021-06-11 20:27:31'),(779,'Oracle Application Server 10g——J2EE部署和管理','狄东宁','4714425702700',58.00,6,43,1,'images/category6/pic31.jpg','2021-06-11 20:27:31','2021-06-11 20:27:31'),(780,'PowerBuilder10.0程序设计教程与上机指导','计算机职业教育联盟','1811878120782',34.00,7,95,1,'images/category7/pic36.jpg','2021-06-11 20:27:31','2021-06-11 20:27:31'),(781,'SQL入门经典','敖富江','1501120340521',48.00,9,198,1,'images/category9/pic40.jpg','2021-06-11 20:27:31','2021-06-11 20:27:31'),(782,'SQL Server 2000中文版数据库管理与应用标准教程','史创明','7086015711545',39.00,16,36,1,'images/category16/pic29.jpg','2021-06-11 20:27:31','2021-06-11 20:27:31'),(783,'SQL应用与开发标准教程','杨志姝等','0686183877278',38.00,14,65,1,'images/category14/pic37.jpg','2021-06-11 20:27:31','2021-06-11 20:27:31'),(784,'Java Web应用与开发教程——使用Oracle DataBase10g Express Edition','宋波','3533066103180',39.00,3,75,1,'images/category3/pic38.jpg','2021-06-11 20:27:31','2021-06-11 20:27:31'),(785,'Oracle Jdeveloper 10g开发手册','高猛','2106724872374',79.90,10,27,1,'images/category10/pic25.jpg','2021-06-11 20:27:31','2021-06-11 20:27:31'),(786,'SQL Server 2005基础教程与上机指导','付玉生','3378687356584',25.00,19,138,1,'images/category19/pic35.jpg','2021-06-11 20:27:31','2021-06-11 20:27:31'),(787,'Oracle DBA 必备技能详解','商云飞','1151137153217',59.90,11,40,1,'images/category11/pic37.jpg','2021-06-11 20:27:31','2021-06-11 20:27:31'),(788,'Access 2003数据库程序设计基础教程与上机指导','文龙等','4183524073518',29.00,15,163,1,'images/category15/pic53.jpg','2021-06-11 20:27:31','2021-06-11 20:27:31'),(789,'Visual FoxPro与SQL数据库应用基础教程（配光盘）','徐尔贵','2263873756457',28.00,2,107,1,'images/category2/pic47.jpg','2021-06-11 20:27:31','2021-06-11 20:27:31'),(790,'Oracle Database 10g安全性高效设计','邓劲生','7261028623048',59.80,1,97,1,'images/category1/pic32.jpg','2021-06-11 20:27:31','2021-06-11 20:27:31'),(791,'Access 2003数据库原理与应用标准教程','杨继萍','7231581853813',29.00,3,42,1,'images/category3/pic39.jpg','2021-06-11 20:27:31','2021-06-11 20:27:31'),(792,'Oracle Database 10g XML与SQL开发指南','孙扬','1555144266135',68.00,7,187,1,'images/category7/pic37.jpg','2021-06-11 20:27:31','2021-06-11 20:27:31'),(793,'Oracle Application Server 10g Web 开发','冯睿江等','8110014763547',79.00,17,199,1,'images/category17/pic39.jpg','2021-06-11 20:27:31','2021-06-11 20:27:31'),(794,'ASP.NET网络数据库开发实例精解','强锋科技','8786551036408',62.00,17,193,1,'images/category17/pic40.jpg','2021-06-11 20:27:31','2021-06-11 20:27:31'),(795,'ASP+SQL Server典型网站建设案例','强锋科技','8735360634374',45.00,17,102,1,'images/category17/pic41.jpg','2021-06-11 20:27:31','2021-06-11 20:27:31'),(796,'SQL Server 数据库开发经典案例解析','王晟','4566584735844',48.00,4,39,1,'images/category4/pic37.jpg','2021-06-11 20:27:31','2021-06-11 20:27:31'),(797,'SQL Server 数据库开发经典案例解析','王晟','6251730714522',48.00,8,143,1,'images/category8/pic49.jpg','2021-06-11 20:27:31','2021-06-11 20:27:31'),(798,'Access数据库开发经典案例解析','王晟','8233576080350',48.00,3,133,1,'images/category3/pic40.jpg','2021-06-11 20:27:31','2021-06-11 20:27:31'),(799,'Oracle Database 10g PL/SQL程序设计','彭晖','3055280462772',85.00,6,58,1,'images/category6/pic32.jpg','2021-06-11 20:27:31','2021-06-11 20:27:31'),(800,'Oracle 10g数据库入门与实践','萧文龙','5772623450704',39.00,9,160,1,'images/category9/pic41.jpg','2021-06-11 20:27:31','2021-06-11 20:27:31'),(801,'Oracle Database 10g PL/SQL入门教程','邢智明','3480173682187',36.00,13,106,1,'images/category13/pic38.jpg','2021-06-11 20:27:31','2021-06-11 20:27:31'),(802,'PowerBuilder 10实用编程百例','宋磊','2806061565436',33.00,10,105,1,'images/category10/pic26.jpg','2021-06-11 20:27:31','2021-06-11 20:27:31'),(803,'数据库系统设计、实现与管理（第6版）','张瑜','7332220566112',88.00,21,144,1,'images/category21/pic41.jpg','2021-06-11 20:27:31','2021-06-11 20:27:31'),(804,'JSP+Oracle动态网站开发实例精选','刘中兵','3221728462255',42.00,18,24,1,'images/category18/pic35.jpg','2021-06-11 20:27:31','2021-06-11 20:27:31'),(805,'ASP.NET+SQL Server动态网站开发案例精选','张军','4207106168201',42.00,10,189,1,'images/category10/pic27.jpg','2021-06-11 20:27:31','2021-06-11 20:27:31'),(806,'Access数据库项目案例导航','刘大玮','6170764668450',48.00,10,189,1,'images/category10/pic28.jpg','2021-06-11 20:27:31','2021-06-11 20:27:31'),(807,'Visual FoxPro数据库开发经典案例解析','王晟','5567443518770',48.00,5,107,1,'images/category5/pic40.jpg','2021-06-11 20:27:31','2021-06-11 20:27:31'),(808,'Visual FoxPro数据库开发经典案例解析','王晟','0447263538726',48.00,9,50,1,'images/category9/pic42.jpg','2021-06-11 20:27:31','2021-06-11 20:27:31'),(809,'Access数据库处理技法范例','阮东华','3233000138758',28.00,17,177,1,'images/category17/pic42.jpg','2021-06-11 20:27:31','2021-06-11 20:27:31'),(810,'Oracle Wait Interface性能诊断与调整实践指南','高猛','1182853056782',39.00,3,152,1,'images/category3/pic41.jpg','2021-06-11 20:27:31','2021-06-11 20:27:31'),(811,'Oracle9i数据库性能调整与优化','黄开枝等','4476088828575',79.00,7,169,1,'images/category7/pic38.jpg','2021-06-11 20:27:31','2021-06-11 20:27:31'),(812,'Oracle 10g入门与提高','王彬','5744477002374',39.00,2,109,1,'images/category2/pic48.jpg','2021-06-11 20:27:31','2021-06-11 20:27:31'),(813,'Oracle Database 10g 高可用性实现方案——运用RAC、Flashback和Data Guard 技术','刘永健','4637213718006',48.00,9,167,1,'images/category9/pic43.jpg','2021-06-11 20:27:31','2021-06-11 20:27:31'),(814,'SQL Server 2000中文版基础教程','宋振会','6081253388222',28.00,9,183,1,'images/category9/pic44.jpg','2021-06-11 20:27:31','2021-06-11 20:27:31'),(815,'数据库系统及其应用基础（第2版）','陈洛资','5414505011635',30.00,3,104,1,'images/category3/pic42.jpg','2021-06-11 20:27:31','2021-06-11 20:27:31'),(816,'Oracle J2EE应用开发','周悦芝','4278255365804',42.00,15,160,1,'images/category15/pic54.jpg','2021-06-11 20:27:31','2021-06-11 20:27:31'),(817,'Microsoft SQL Server 2000 Reporting Services','张欣','6133331056487',59.00,18,140,1,'images/category18/pic36.jpg','2021-06-11 20:27:31','2021-06-11 20:27:31'),(818,'Oracle Database 10g SQL开发指南','彭辉','4420133730884',59.80,5,77,1,'images/category5/pic41.jpg','2021-06-11 20:27:31','2021-06-11 20:27:31'),(819,'PowerBuilder数据库开发经典案例解析','王晟','7454467641715',46.00,5,50,1,'images/category5/pic42.jpg','2021-06-11 20:27:31','2021-06-11 20:27:31'),(820,'Oracle Application Server 10g 管理手册','汪丰','7460238763715',39.80,19,21,1,'images/category19/pic36.jpg','2021-06-11 20:27:31','2021-06-11 20:27:31'),(821,'PowerBuilder 9.0实用培训教程','马景涛','4203373366156',33.00,6,31,1,'images/category6/pic33.jpg','2021-06-11 20:27:31','2021-06-11 20:27:31'),(822,'Oracle 10g数据库管理、应用与开发','林行健','8711434075020',38.00,17,91,1,'images/category17/pic43.jpg','2021-06-11 20:27:31','2021-06-11 20:27:31'),(823,'关系数据库Oracle 9i原理及应用','蔡立军','5321575410557',22.00,10,99,1,'images/category10/pic29.jpg','2021-06-11 20:27:31','2021-06-11 20:27:31'),(824,'SQL Server数据库编程技法范例','赵强','6575652546122',29.00,11,87,1,'images/category11/pic38.jpg','2021-06-11 20:27:31','2021-06-11 20:27:31'),(825,'数据库技术教程（三级）','崔巍等','8080880812110',30.00,16,80,1,'images/category16/pic30.jpg','2021-06-11 20:27:31','2021-06-11 20:27:31'),(826,'Oracle Database 10g实用培训教程','赵伯山','0437174252681',33.80,9,199,1,'images/category9/pic45.jpg','2021-06-11 20:27:31','2021-06-11 20:27:31'),(827,'毕业设计指导及案例剖析——数据库应用方向','赵杰','2783507060405',26.00,20,47,1,'images/category20/pic37.jpg','2021-06-11 20:27:31','2021-06-11 20:27:31'),(828,'C++ Builder数据库开发经典案例解析（配光盘）','王晟','8025165267288',48.00,8,85,1,'images/category8/pic50.jpg','2021-06-11 20:27:31','2021-06-11 20:27:31'),(829,'Access数据库程序设计教程','刘钢等','4081600648372',29.80,13,17,1,'images/category13/pic39.jpg','2021-06-11 20:27:31','2021-06-11 20:27:31'),(830,'Visual C++.NET数据库开发与实践','刘生平','5752112184467',49.00,10,78,1,'images/category10/pic30.jpg','2021-06-11 20:27:31','2021-06-11 20:27:31'),(831,'数据库原理及应用','张凤琴','1508727747212',30.00,8,87,1,'images/category8/pic51.jpg','2021-06-11 20:27:31','2021-06-11 20:27:31'),(832,'Visual FoxPro 8数据库项目案例导航','罗晟','7453100063603',45.00,7,119,1,'images/category7/pic39.jpg','2021-06-11 20:27:31','2021-06-11 20:27:31'),(833,'数据库原理与应用——基于Access','李春葆','7885676636370',32.00,1,126,1,'images/category1/pic33.jpg','2021-06-11 20:27:31','2021-06-11 20:27:31'),(834,'Oracle 9i：SQL PL/SQL开发指南','天宏工作室','3772157448674',63.00,4,115,1,'images/category4/pic38.jpg','2021-06-11 20:27:31','2021-06-11 20:27:31'),(835,'Oracle Detabase 10g升级指南','崔伟','1705060177386',29.00,3,202,1,'images/category3/pic43.jpg','2021-06-11 20:27:31','2021-06-11 20:27:31'),(836,'PowerBuilder 9数据库项目案例导航','陈磊','7845750771301',49.60,10,117,1,'images/category10/pic31.jpg','2021-06-11 20:27:31','2021-06-11 20:27:31'),(837,'SQL Server安全性','彭珲','7456137666747',35.00,3,46,1,'images/category3/pic44.jpg','2021-06-11 20:27:31','2021-06-11 20:27:31'),(838,'Oracle触发器与存储过程高级编程（第3版）','欧阳宇','5863100585383',39.80,12,167,1,'images/category12/pic43.jpg','2021-06-11 20:27:31','2021-06-11 20:27:31'),(839,'Oracle 9i数据库技术','孟德欣','6327860215636',25.00,14,22,1,'images/category14/pic38.jpg','2021-06-11 20:27:32','2021-06-11 20:27:32'),(840,'Oracle 9i PL/SQL开发人员指南','彭晖等','7622471115320',56.00,11,149,1,'images/category11/pic39.jpg','2021-06-11 20:27:32','2021-06-11 20:27:32'),(841,'SQL Server数据库基础教程与上机指导','周绪','0713115343361',26.00,4,41,1,'images/category4/pic39.jpg','2021-06-11 20:27:32','2021-06-11 20:27:32'),(842,'SQL Server数据库基础教程与上机指导','周绪','6272113531348',26.00,15,121,1,'images/category15/pic55.jpg','2021-06-11 20:27:32','2021-06-11 20:27:32'),(843,'Oracle Database 10g基础教程','孙杨','6856446181381',38.00,9,30,1,'images/category9/pic46.jpg','2021-06-11 20:27:32','2021-06-11 20:27:32'),(844,'三级数据库技术','郑炎','2404151742876',30.00,12,180,1,'images/category12/pic44.jpg','2021-06-11 20:27:32','2021-06-11 20:27:32'),(845,'Visual FoxPro程序设计技法范例','张王群','0636432058024',30.00,10,121,1,'images/category10/pic32.jpg','2021-06-11 20:27:32','2021-06-11 20:27:32'),(846,'Access 2003中文版实用教程','郑小玲','4522480701011',32.00,6,77,1,'images/category6/pic34.jpg','2021-06-11 20:27:32','2021-06-11 20:27:32'),(847,'数据库系统工程师教程','王亚平','7848547864184',66.00,1,114,1,'images/category1/pic34.jpg','2021-06-11 20:27:32','2021-06-11 20:27:32'),(848,'基于Oracle的Crystal Reports 9数据报表高级开发','黄开枝','1070645184183',38.00,11,113,1,'images/category11/pic40.jpg','2021-06-11 20:27:32','2021-06-11 20:27:32'),(849,'Visual FoxPro中文版入门与实战——基础篇','李俊德','7516516227321',59.00,1,67,1,'images/category1/pic35.jpg','2021-06-11 20:27:32','2021-06-11 20:27:32'),(850,'Oracle XSQL技术','徐焱','3047057864114',58.00,6,87,1,'images/category6/pic35.jpg','2021-06-11 20:27:32','2021-06-11 20:27:32'),(851,'Oracle 9i数据库管理员II：备份/恢复与网络管理','天宏工作室','0163371352624',45.00,4,188,1,'images/category4/pic40.jpg','2021-06-11 20:27:32','2021-06-11 20:27:32'),(852,'多维数据分析原理与应用','姚家奕等','0780013576306',20.00,14,38,1,'images/category14/pic39.jpg','2021-06-11 20:27:32','2021-06-11 20:27:32'),(853,'PowerBuilder程序开发项目案例','周岐','2082768301675',33.00,21,69,1,'images/category21/pic42.jpg','2021-06-11 20:27:32','2021-06-11 20:27:32'),(854,'Visual FoxPro 8.0数据开发实例教程','陈博','1622858044760',38.00,21,78,1,'images/category21/pic43.jpg','2021-06-11 20:27:32','2021-06-11 20:27:32'),(855,'Oracle性能优化科学与艺术','谢群英','1323732406777',45.00,1,191,1,'images/category1/pic36.jpg','2021-06-11 20:27:32','2021-06-11 20:27:32'),(856,'SQL Server数据库企业应用系统开发','陈永强','2326448652222',23.00,1,168,1,'images/category1/pic37.jpg','2021-06-11 20:27:32','2021-06-11 20:27:32'),(857,'数据库实用教程（第二版）习题解答','丁宝康等','5261822313185',12.00,10,151,1,'images/category10/pic33.jpg','2021-06-11 20:27:32','2021-06-11 20:27:32'),(858,'PowerBuilder数据库高级教程','陈磊','1568721341630',42.00,14,51,1,'images/category14/pic40.jpg','2021-06-11 20:27:32','2021-06-11 20:27:32'),(859,'从实践中学习Oracle/SQL','何明','5562267778764',34.00,14,64,1,'images/category14/pic41.jpg','2021-06-11 20:27:32','2021-06-11 20:27:32'),(860,'数据库原理辅导与提高','盛定宇','6580245523130',22.00,17,68,1,'images/category17/pic44.jpg','2021-06-11 20:27:32','2021-06-11 20:27:32'),(861,'Oracle9i开发指南：PL/SQL程序设计','天宏工作室','7461843227333',49.00,21,100,1,'images/category21/pic44.jpg','2021-06-11 20:27:32','2021-06-11 20:27:32'),(862,'Oracle 9i RMAN备份与恢复技术——配置和使用Oracle恢复管理器','梁志敏','1236171532232',57.00,14,17,1,'images/category14/pic42.jpg','2021-06-11 20:27:32','2021-06-11 20:27:32'),(863,'Oracle 9i JDeveloper开发手册——构建J2EE应用程序','冯锐','3532530456051',92.00,9,63,1,'images/category9/pic47.jpg','2021-06-11 20:27:32','2021-06-11 20:27:32'),(864,'Oracle 9i性能调整','王海涛','0162526214708',95.00,18,50,1,'images/category18/pic37.jpg','2021-06-11 20:27:32','2021-06-11 20:27:32'),(865,'Oracle9i数据库管理员使用大全','滕永昌','7318856432376',68.00,9,88,1,'images/category9/pic48.jpg','2021-06-11 20:27:32','2021-06-11 20:27:32'),(866,'数据库原理习题与解析（第2版）','李春葆等','4135652377670',20.00,4,108,1,'images/category4/pic41.jpg','2021-06-11 20:27:32','2021-06-11 20:27:32'),(867,'Oracle 9i数据库管理员：实现与管理','天宏工作室','8687403730730',49.00,8,76,1,'images/category8/pic52.jpg','2021-06-11 20:27:32','2021-06-11 20:27:32'),(868,'Oracle9i开发指南：使用Forms Builder开发Web应用程序','天宏工作室','3406367772751',68.00,2,132,1,'images/category2/pic49.jpg','2021-06-11 20:27:32','2021-06-11 20:27:32'),(869,'SQL Server数据库管理、设计与实现教程','赵杰等','2148636710028',30.00,7,112,1,'images/category7/pic40.jpg','2021-06-11 20:27:32','2021-06-11 20:27:32'),(870,'Access 2003中文版入门与提高','白致铭等','1007410641553',30.00,19,116,1,'images/category19/pic37.jpg','2021-06-11 20:27:32','2021-06-11 20:27:32'),(871,'DB2数据库管理与应用教程','庄济成','3646274681501',28.00,6,195,1,'images/category6/pic36.jpg','2021-06-11 20:27:32','2021-06-11 20:27:32'),(872,'SQL实用教程（第二版）','黄开枝','8372375648408',42.00,10,125,1,'images/category10/pic34.jpg','2021-06-11 20:27:32','2021-06-11 20:27:32'),(873,'ASP.NET数据库开发入门与提高','刘振岩等','5781875031533',28.00,19,119,1,'images/category19/pic38.jpg','2021-06-11 20:27:32','2021-06-11 20:27:32'),(874,'数据库系统与Access教程','申莉莉','8284367360270',28.00,11,89,1,'images/category11/pic41.jpg','2021-06-11 20:27:32','2021-06-11 20:27:32'),(875,'Oracle数据库开发讲座 Oracle9i JDeveloper与J2EE实务应用','何致亿','4532558140727',41.00,14,50,1,'images/category14/pic43.jpg','2021-06-11 20:27:32','2021-06-11 20:27:32'),(876,'SQL Server 2000存储过程与XML编程（第2版）','陈浩奎等','7476248266374',58.00,6,115,1,'images/category6/pic37.jpg','2021-06-11 20:27:32','2021-06-11 20:27:32'),(877,'PowerBuilder 8.0入门与提高','仝丽娟','2435070377500',35.00,3,45,1,'images/category3/pic45.jpg','2021-06-11 20:27:32','2021-06-11 20:27:32'),(878,'中文版Access 2003实用培训教程','许春光','4505787466517',28.00,19,94,1,'images/category19/pic39.jpg','2021-06-11 20:27:32','2021-06-11 20:27:32'),(879,'Oracle 9i简明教程——轻松实战20天','文宏','5458103584714',38.00,12,104,1,'images/category12/pic45.jpg','2021-06-11 20:27:32','2021-06-11 20:27:32'),(880,'SQL基础（第二版）','高京义','2000272757478',72.00,1,198,1,'images/category1/pic38.jpg','2021-06-11 20:27:32','2021-06-11 20:27:32'),(881,'SQL Server 2000备份与还原','天宏工作室','1518553817453',69.00,6,39,1,'images/category6/pic38.jpg','2021-06-11 20:27:32','2021-06-11 20:27:32'),(882,'Oracle数据库系统管理（上册）','滕永昌','2051851462504',98.00,21,63,1,'images/category21/pic45.jpg','2021-06-11 20:27:32','2021-06-11 20:27:32'),(883,'Oracle 9i入门与提高','东方人华公司','7620288438527',38.00,20,126,1,'images/category20/pic38.jpg','2021-06-11 20:27:32','2021-06-11 20:27:32'),(884,'MySQL核心编程—高级开发者指南','周靖译','2460333151488',69.00,7,105,1,'images/category7/pic41.jpg','2021-06-11 20:27:32','2021-06-11 20:27:32'),(885,'Oracle性能优化——已证实的获得最佳性能和可用性的方法','张建明译','8001635160303',75.00,6,204,1,'images/category6/pic39.jpg','2021-06-11 20:27:32','2021-06-11 20:27:32'),(886,'高效掌握ADO.NET——C#编程篇','张哲峰译','6425205667668',42.00,8,85,1,'images/category8/pic53.jpg','2021-06-11 20:27:32','2021-06-11 20:27:32'),(887,'Microsoft SQL Server 2000与XML数据库编程（第2版）','孙瑛霖译','4202664854073',49.00,15,79,1,'images/category15/pic56.jpg','2021-06-11 20:27:32','2021-06-11 20:27:32'),(888,'Oracle数据库应用开发','王行言','4781885436563',42.00,16,174,1,'images/category16/pic31.jpg','2021-06-11 20:27:32','2021-06-11 20:27:32'),(889,'PowerBuilder 8.0开发指南','杨秀章','2788061267466',46.00,8,20,1,'images/category8/pic54.jpg','2021-06-11 20:27:32','2021-06-11 20:27:32'),(890,'数据挖掘与OLAP理论与实务','林杰斌译','4425054817553',25.00,14,14,1,'images/category14/pic44.jpg','2021-06-11 20:27:32','2021-06-11 20:27:32'),(891,'Oracle数据库管理与维护技术手册(修订版）','江漫译','7420245581483',116.00,13,137,1,'images/category13/pic40.jpg','2021-06-11 20:27:32','2021-06-11 20:27:32'),(892,'Visual FoxPro教程——分析、辅导与详解','郝方','8761176385111',36.00,21,204,1,'images/category21/pic46.jpg','2021-06-11 20:27:32','2021-06-11 20:27:32'),(893,'Oracle 9i for windows NT/2000数据库系统培训教程（基础篇）','黄河','2637436001567',46.00,9,49,1,'images/category9/pic49.jpg','2021-06-11 20:27:32','2021-06-11 20:27:32'),(894,'SQL Server 2000培训教程','邹丰奕','6335468751272',29.00,2,39,1,'images/category2/pic50.jpg','2021-06-11 20:27:32','2021-06-11 20:27:32'),(895,'DB2入门与提高','刘耸柏','8055001677366',39.00,8,162,1,'images/category8/pic55.jpg','2021-06-11 20:27:32','2021-06-11 20:27:32'),(896,'SQL实用参考手册（第四版）','康博公司','8661443664540',46.00,7,178,1,'images/category7/pic42.jpg','2021-06-11 20:27:32','2021-06-11 20:27:32'),(897,'Oracle 9i中文版实用培训教程','赵伯山','2838810108104',33.00,14,103,1,'images/category14/pic45.jpg','2021-06-11 20:27:32','2021-06-11 20:27:32'),(898,'SQL Server 2000程序设计','隆华软件','4658065367844',33.00,10,52,1,'images/category10/pic35.jpg','2021-06-11 20:27:32','2021-06-11 20:27:32'),(899,'Access 2002中文版入门与提高','王成辉','2874533541304',26.00,7,125,1,'images/category7/pic43.jpg','2021-06-11 20:27:32','2021-06-11 20:27:32'),(900,'SQL Server 2000培训教程','余晨等','2244306333826',36.00,15,10,1,'images/category15/pic57.jpg','2021-06-11 20:27:32','2021-06-11 20:27:32'),(901,'PHP Web数据库开发与实例','木林森','1773584501220',34.00,18,45,1,'images/category18/pic38.jpg','2021-06-11 20:27:32','2021-06-11 20:27:32'),(902,'SQL Server 2000中文版入门与提高','周绪','7556045766675',39.50,12,44,1,'images/category12/pic46.jpg','2021-06-11 20:27:32','2021-06-11 20:27:32'),(903,'数据库（Access 2000 )教程（配软盘）','刘百惠','0137126685765',36.00,5,29,1,'images/category5/pic43.jpg','2021-06-11 20:27:32','2021-06-11 20:27:32'),(904,'Access 2000中文版入门与提高','张堪等','0633740036317',22.00,12,49,1,'images/category12/pic47.jpg','2021-06-11 20:27:32','2021-06-11 20:27:32'),(905,'数据库（FoxPro for Windows)教程','刘百惠','0266536620528',19.00,18,106,1,'images/category18/pic39.jpg','2021-06-11 20:27:32','2021-06-11 20:27:32'),(906,'数据库（FoxPro for Windows)教程','刘百惠','5237333172353',19.00,12,127,1,'images/category12/pic48.jpg','2021-06-11 20:27:32','2021-06-11 20:27:32'),(907,'JavaWeb','张三','1233251',23.00,9,32,1,'images/category9/1623659447652.jpg','2021-06-14 16:30:47','2021-06-14 16:30:47');
/*!40000 ALTER TABLE `book` ENABLE KEYS */;
UNLOCK TABLES;

--
-- Table structure for table `order`
--

DROP TABLE IF EXISTS `order`;
/*!40101 SET @saved_cs_client     = @@character_set_client */;
/*!50503 SET character_set_client = utf8mb4 */;
CREATE TABLE `order` (
  `id` int NOT NULL AUTO_INCREMENT,
  `userid` int NOT NULL,
  `bookid` int NOT NULL,
  `quantity` int NOT NULL,
  `isPaid` tinyint DEFAULT '0',
  PRIMARY KEY (`id`),
  KEY `fk_car_userid_idx` (`userid`),
  KEY `fk_car_bookid_idx` (`bookid`),
  CONSTRAINT `fk_car_bookid` FOREIGN KEY (`bookid`) REFERENCES `book` (`id`),
  CONSTRAINT `fk_car_userid` FOREIGN KEY (`userid`) REFERENCES `user` (`id`)
) ENGINE=InnoDB AUTO_INCREMENT=44 DEFAULT CHARSET=utf8mb4 COLLATE=utf8mb4_0900_ai_ci;
/*!40101 SET character_set_client = @saved_cs_client */;

--
-- Table structure for table `type`
--

DROP TABLE IF EXISTS `type`;
/*!40101 SET @saved_cs_client     = @@character_set_client */;
/*!50503 SET character_set_client = utf8mb4 */;
CREATE TABLE `type` (
  `id` int NOT NULL AUTO_INCREMENT,
  `typename` varchar(10) NOT NULL,
  PRIMARY KEY (`id`)
) ENGINE=InnoDB AUTO_INCREMENT=22 DEFAULT CHARSET=utf8mb4 COLLATE=utf8mb4_0900_ai_ci;
/*!40101 SET character_set_client = @saved_cs_client */;

--
-- Dumping data for table `type`
--

LOCK TABLES `type` WRITE;
/*!40000 ALTER TABLE `type` DISABLE KEYS */;
INSERT INTO `type` VALUES (1,'文学'),(2,'教材'),(3,'考试'),(4,'艺术'),(5,'科普'),(6,'绘本'),(7,'管理'),(8,'经济'),(9,'运动'),(10,'旅游'),(11,'计算机'),(12,'自然科学'),(13,'历史'),(14,'古籍'),(15,'哲学'),(16,'法律'),(17,'育儿'),(18,'休闲'),(19,'手工'),(20,'美食'),(21,'家具');
/*!40000 ALTER TABLE `type` ENABLE KEYS */;
UNLOCK TABLES;

--
-- Table structure for table `user`
--

DROP TABLE IF EXISTS `user`;
/*!40101 SET @saved_cs_client     = @@character_set_client */;
/*!50503 SET character_set_client = utf8mb4 */;
CREATE TABLE `user` (
  `id` int NOT NULL AUTO_INCREMENT,
  `username` varchar(32) NOT NULL,
  `password` varchar(32) NOT NULL,
  `telephone` varchar(13) NOT NULL,
  PRIMARY KEY (`id`),
  UNIQUE KEY `username_UNIQUE` (`username`)
) ENGINE=InnoDB AUTO_INCREMENT=5 DEFAULT CHARSET=utf8mb4 COLLATE=utf8mb4_0900_ai_ci;
/*!40101 SET character_set_client = @saved_cs_client */;

--
-- Dumping data for table `user`
--

LOCK TABLES `user` WRITE;
/*!40000 ALTER TABLE `user` DISABLE KEYS */;
INSERT INTO `user` VALUES (1,'RushMMC','12345','15655726026'),(2,'RushMMC2','123452','1234567712'),(4,'RushMMC3','12345','15655726026');
/*!40000 ALTER TABLE `user` ENABLE KEYS */;
UNLOCK TABLES;
/*!40103 SET TIME_ZONE=@OLD_TIME_ZONE */;

/*!40101 SET SQL_MODE=@OLD_SQL_MODE */;
/*!40014 SET FOREIGN_KEY_CHECKS=@OLD_FOREIGN_KEY_CHECKS */;
/*!40014 SET UNIQUE_CHECKS=@OLD_UNIQUE_CHECKS */;
/*!40101 SET CHARACTER_SET_CLIENT=@OLD_CHARACTER_SET_CLIENT */;
/*!40101 SET CHARACTER_SET_RESULTS=@OLD_CHARACTER_SET_RESULTS */;
/*!40101 SET COLLATION_CONNECTION=@OLD_COLLATION_CONNECTION */;
/*!40111 SET SQL_NOTES=@OLD_SQL_NOTES */;

-- Dump completed on 2021-06-14 23:46:35
